-- phpMyAdmin SQL Dump
-- version 5.2.1
-- https://www.phpmyadmin.net/
--
-- Host: 127.0.0.1
-- Generation Time: Dec 04, 2025 at 08:16 AM
-- Server version: 10.4.32-MariaDB
-- PHP Version: 8.2.12

SET SQL_MODE = "NO_AUTO_VALUE_ON_ZERO";
START TRANSACTION;
SET time_zone = "+00:00";


/*!40101 SET @OLD_CHARACTER_SET_CLIENT=@@CHARACTER_SET_CLIENT */;
/*!40101 SET @OLD_CHARACTER_SET_RESULTS=@@CHARACTER_SET_RESULTS */;
/*!40101 SET @OLD_COLLATION_CONNECTION=@@COLLATION_CONNECTION */;
/*!40101 SET NAMES utf8mb4 */;

--
-- Database: `sedp`
--

-- --------------------------------------------------------

--
-- Table structure for table `app_metadata`
--

CREATE TABLE `app_metadata` (
  `id` int(11) NOT NULL,
  `company_id` int(11) DEFAULT NULL,
  `version` varchar(255) DEFAULT NULL,
  `release_date` date DEFAULT NULL,
  `createdAt` datetime NOT NULL,
  `updatedAt` datetime NOT NULL
) ENGINE=InnoDB DEFAULT CHARSET=utf8mb4 COLLATE=utf8mb4_general_ci;

-- --------------------------------------------------------

--
-- Table structure for table `areas`
--

CREATE TABLE `areas` (
  `id` int(11) NOT NULL,
  `area_name` varchar(255) DEFAULT NULL,
  `location_id` int(11) DEFAULT NULL,
  `company_id` int(11) DEFAULT NULL,
  `address` varchar(255) DEFAULT NULL,
  `metadata` longtext CHARACTER SET utf8mb4 COLLATE utf8mb4_bin DEFAULT NULL CHECK (json_valid(`metadata`)),
  `createdAt` datetime NOT NULL,
  `updatedAt` datetime NOT NULL
) ENGINE=InnoDB DEFAULT CHARSET=utf8mb4 COLLATE=utf8mb4_general_ci;

-- --------------------------------------------------------

--
-- Table structure for table `attendances`
--

CREATE TABLE `attendances` (
  `id` int(11) NOT NULL,
  `user_id` int(11) DEFAULT NULL,
  `company_attendence_policy_id` int(11) DEFAULT NULL,
  `clock_in` datetime DEFAULT NULL,
  `clock_out` datetime DEFAULT NULL,
  `isManual` tinyint(1) DEFAULT 0,
  `isAbsent` tinyint(1) DEFAULT 0,
  `isLate` tinyint(1) DEFAULT 0,
  `overtime_in_min` int(11) DEFAULT NULL,
  `createdAt` datetime NOT NULL,
  `updatedAt` datetime NOT NULL,
  `attendance_taken_by` int(11) DEFAULT 2,
  `location` longtext CHARACTER SET utf8mb4 COLLATE utf8mb4_bin DEFAULT NULL CHECK (json_valid(`location`)),
  `remarks` longtext CHARACTER SET utf8mb4 COLLATE utf8mb4_bin DEFAULT NULL CHECK (json_valid(`remarks`))
) ENGINE=InnoDB DEFAULT CHARSET=utf8mb4 COLLATE=utf8mb4_general_ci;

-- --------------------------------------------------------

--
-- Table structure for table `attendance_devices`
--

CREATE TABLE `attendance_devices` (
  `id` int(11) NOT NULL,
  `device_name` varchar(255) DEFAULT NULL,
  `sl_no` varchar(255) DEFAULT NULL,
  `user_id` int(11) DEFAULT NULL,
  `company_id` int(11) DEFAULT NULL,
  `location_id` int(11) DEFAULT NULL,
  `area_id` int(11) DEFAULT NULL,
  `isActive` tinyint(1) DEFAULT NULL,
  `createdAt` datetime NOT NULL,
  `updatedAt` datetime NOT NULL,
  `last_ping` datetime DEFAULT NULL,
  `mac_address` varchar(255) DEFAULT NULL,
  `territory_id` int(11) DEFAULT NULL,
  `rff_point_id` int(11) DEFAULT NULL
) ENGINE=InnoDB DEFAULT CHARSET=utf8mb4 COLLATE=utf8mb4_general_ci;

-- --------------------------------------------------------

--
-- Table structure for table `attendance_policies`
--

CREATE TABLE `attendance_policies` (
  `id` int(11) NOT NULL,
  `name` varchar(255) DEFAULT 'default',
  `working_days` longtext CHARACTER SET utf8mb4 COLLATE utf8mb4_bin DEFAULT NULL CHECK (json_valid(`working_days`)),
  `off_days` longtext CHARACTER SET utf8mb4 COLLATE utf8mb4_bin DEFAULT NULL CHECK (json_valid(`off_days`)),
  `work_start_time` time NOT NULL,
  `work_end_time` time NOT NULL,
  `late_grace_period` int(11) DEFAULT NULL,
  `overtime_threshold` int(11) DEFAULT NULL,
  `createdAt` datetime NOT NULL,
  `updatedAt` datetime NOT NULL
) ENGINE=InnoDB DEFAULT CHARSET=utf8mb4 COLLATE=utf8mb4_general_ci;

-- --------------------------------------------------------

--
-- Table structure for table `attendance_policy_histories`
--

CREATE TABLE `attendance_policy_histories` (
  `id` int(11) NOT NULL,
  `user_id` int(11) DEFAULT NULL,
  `attendence_policy_id` int(11) DEFAULT NULL,
  `start_date` datetime DEFAULT NULL,
  `end_date` datetime DEFAULT NULL,
  `createdAt` datetime NOT NULL,
  `updatedAt` datetime NOT NULL
) ENGINE=InnoDB DEFAULT CHARSET=utf8mb4 COLLATE=utf8mb4_general_ci;

--
-- Dumping data for table `attendance_policy_histories`
--

INSERT INTO `attendance_policy_histories` (`id`, `user_id`, `attendence_policy_id`, `start_date`, `end_date`, `createdAt`, `updatedAt`) VALUES
(1, 3, 1, NULL, NULL, '2025-11-27 06:02:25', '2025-11-27 06:02:25'),
(2, 3, 3, NULL, NULL, '2025-12-01 10:24:49', '2025-12-01 10:24:49'),
(3, 3, 5, NULL, NULL, '2025-12-03 16:59:35', '2025-12-03 16:59:35');

-- --------------------------------------------------------

--
-- Table structure for table `campaignmilestones`
--

CREATE TABLE `campaignmilestones` (
  `id` int(11) NOT NULL,
  `title` varchar(255) DEFAULT NULL,
  `description` varchar(255) DEFAULT NULL,
  `user_id` int(11) DEFAULT NULL,
  `createdAt` datetime NOT NULL,
  `updatedAt` datetime NOT NULL,
  `startDate` datetime DEFAULT NULL,
  `endDate` datetime DEFAULT NULL
) ENGINE=InnoDB DEFAULT CHARSET=utf8mb4 COLLATE=utf8mb4_general_ci;

--
-- Dumping data for table `campaignmilestones`
--

INSERT INTO `campaignmilestones` (`id`, `title`, `description`, `user_id`, `createdAt`, `updatedAt`, `startDate`, `endDate`) VALUES
(14, 'asdf', 'asdf asdf asdf asdf asdf asdf', 1, '2025-12-03 18:05:13', '2025-12-03 18:06:04', '2025-12-03 06:07:00', '2025-12-03 06:09:00'),
(15, 'fdasd', 'asdf asdf asdf', 1, '2025-12-03 18:06:22', '2025-12-03 19:07:13', '2025-12-03 12:06:00', '2025-12-04 12:06:00'),
(16, 'ddfsfds', 'asdf', 1, '2025-12-03 19:29:57', '2025-12-03 19:29:57', '2025-12-25 19:29:00', '2025-12-26 19:29:00');

-- --------------------------------------------------------

--
-- Table structure for table `campaignmilestonetypes`
--

CREATE TABLE `campaignmilestonetypes` (
  `id` int(11) NOT NULL,
  `campaign_milestone_id` int(11) NOT NULL,
  `campaign_type_id` int(11) NOT NULL,
  `count` int(11) DEFAULT 1,
  `area` varchar(255) DEFAULT NULL,
  `createdAt` datetime NOT NULL,
  `updatedAt` datetime NOT NULL
) ENGINE=InnoDB DEFAULT CHARSET=utf8mb4 COLLATE=utf8mb4_general_ci;

--
-- Dumping data for table `campaignmilestonetypes`
--

INSERT INTO `campaignmilestonetypes` (`id`, `campaign_milestone_id`, `campaign_type_id`, `count`, `area`, `createdAt`, `updatedAt`) VALUES
(7, 14, 2, 2, 'agrabad', '2025-12-03 18:06:04', '2025-12-03 18:06:04'),
(8, 14, 3, 3, 'pahartali', '2025-12-03 18:06:04', '2025-12-03 18:06:04'),
(10, 15, 1, 1, 'patenga', '2025-12-03 19:07:13', '2025-12-03 19:07:13'),
(11, 16, 2, 3, 'halishahar', '2025-12-03 19:29:57', '2025-12-03 19:29:57');

-- --------------------------------------------------------

--
-- Table structure for table `campaigntypes`
--

CREATE TABLE `campaigntypes` (
  `id` int(11) NOT NULL,
  `name` varchar(255) NOT NULL,
  `createdAt` datetime NOT NULL,
  `updatedAt` datetime NOT NULL
) ENGINE=InnoDB DEFAULT CHARSET=utf8mb4 COLLATE=utf8mb4_general_ci;

--
-- Dumping data for table `campaigntypes`
--

INSERT INTO `campaigntypes` (`id`, `name`, `createdAt`, `updatedAt`) VALUES
(1, 'uthan boithok', '2025-12-03 16:48:27', '2025-12-03 16:48:27'),
(2, 'rally', '2025-12-03 16:48:27', '2025-12-03 16:48:27'),
(3, 'Gono-shongjog', '2025-12-03 17:36:45', '2025-12-03 17:36:45');

-- --------------------------------------------------------

--
-- Table structure for table `candidateprofiles`
--

CREATE TABLE `candidateprofiles` (
  `id` int(11) NOT NULL,
  `user_id` int(11) DEFAULT NULL,
  `company_id` int(11) DEFAULT NULL,
  `bio` text DEFAULT NULL,
  `menifesto` text DEFAULT NULL,
  `photo_url` varchar(255) DEFAULT NULL,
  `intro_video_url` varchar(255) DEFAULT NULL,
  `metatdata` longtext CHARACTER SET utf8mb4 COLLATE utf8mb4_bin DEFAULT NULL CHECK (json_valid(`metatdata`)),
  `createdAt` datetime NOT NULL,
  `updatedAt` datetime NOT NULL
) ENGINE=InnoDB DEFAULT CHARSET=utf8mb4 COLLATE=utf8mb4_general_ci;

-- --------------------------------------------------------

--
-- Table structure for table `companies`
--

CREATE TABLE `companies` (
  `id` int(11) NOT NULL,
  `company_name` varchar(255) DEFAULT NULL,
  `address` varchar(255) DEFAULT NULL,
  `metadata` longtext CHARACTER SET utf8mb4 COLLATE utf8mb4_bin DEFAULT NULL CHECK (json_valid(`metadata`)),
  `createdAt` datetime NOT NULL,
  `updatedAt` datetime NOT NULL
) ENGINE=InnoDB DEFAULT CHARSET=utf8mb4 COLLATE=utf8mb4_general_ci;

-- --------------------------------------------------------

--
-- Table structure for table `company_attendence_policies`
--

CREATE TABLE `company_attendence_policies` (
  `id` int(11) NOT NULL,
  `policy_id` int(11) DEFAULT NULL,
  `company_id` int(11) DEFAULT NULL,
  `location_id` int(11) DEFAULT NULL,
  `area_id` int(11) DEFAULT NULL,
  `isActive` tinyint(1) DEFAULT NULL,
  `createdAt` datetime NOT NULL,
  `updatedAt` datetime NOT NULL
) ENGINE=InnoDB DEFAULT CHARSET=utf8mb4 COLLATE=utf8mb4_general_ci;

-- --------------------------------------------------------

--
-- Table structure for table `departments`
--

CREATE TABLE `departments` (
  `id` int(11) NOT NULL,
  `name` varchar(255) DEFAULT NULL,
  `createdAt` datetime NOT NULL,
  `company_id` int(11) DEFAULT NULL,
  `updatedAt` datetime NOT NULL
) ENGINE=InnoDB DEFAULT CHARSET=utf8mb4 COLLATE=utf8mb4_general_ci;

-- --------------------------------------------------------

--
-- Table structure for table `designations`
--

CREATE TABLE `designations` (
  `id` int(11) NOT NULL,
  `name` varchar(255) NOT NULL,
  `description` varchar(255) DEFAULT NULL,
  `company_id` int(11) DEFAULT NULL,
  `department_id` int(11) DEFAULT NULL,
  `location_id` int(11) DEFAULT NULL,
  `area_id` int(11) DEFAULT NULL,
  `rff_id` int(11) DEFAULT NULL,
  `createdAt` datetime NOT NULL,
  `updatedAt` datetime NOT NULL
) ENGINE=InnoDB DEFAULT CHARSET=utf8mb4 COLLATE=utf8mb4_general_ci;

-- --------------------------------------------------------

--
-- Table structure for table `districts`
--

CREATE TABLE `districts` (
  `id` int(11) NOT NULL,
  `division_id` int(11) DEFAULT NULL,
  `name` varchar(255) DEFAULT NULL,
  `name_bn` varchar(255) DEFAULT NULL
) ENGINE=InnoDB DEFAULT CHARSET=utf8mb4 COLLATE=utf8mb4_general_ci;

--
-- Dumping data for table `districts`
--

INSERT INTO `districts` (`id`, `division_id`, `name`, `name_bn`) VALUES
(1, 1, 'Jhenaidah', NULL),
(2, 2, 'Munshiganj', NULL),
(3, 3, 'Bhola', NULL),
(4, 4, 'Chittagong', NULL),
(5, 1, 'Kushtia', NULL),
(6, 5, 'Dinajpur', NULL),
(7, 6, 'Mymensingh', NULL),
(8, 2, 'Kishoreganj', NULL),
(9, 3, 'Patuakhali', NULL),
(10, 7, 'Habiganj', NULL),
(11, 8, 'Bogra', NULL),
(12, 7, 'Maulvibazar', NULL),
(13, 6, 'Jamalpur', NULL),
(14, 4, 'Comilla', NULL),
(15, 8, 'Naogaon', NULL),
(16, 2, 'Narsingdi', NULL),
(17, 3, 'Jhalokati', NULL),
(18, 4, 'Rangamati', NULL),
(19, 7, 'Sunamganj', NULL),
(20, 2, 'Dhaka', NULL),
(21, 1, 'Satkhira', NULL),
(22, 3, 'Barisal', NULL),
(23, 6, 'Netrakona', NULL),
(24, 8, 'Pabna', NULL),
(25, 8, 'Joypurhat', NULL),
(26, 1, 'Khulna', NULL),
(27, 2, 'Tangail', NULL),
(28, 5, 'Thakurgaon', NULL),
(29, 4, 'Brahamanbaria', NULL),
(30, 2, 'Faridpur', NULL),
(31, 5, 'Rangpur', NULL),
(32, 1, 'Chuadanga', NULL),
(33, 7, 'Sylhet', NULL),
(34, 8, 'Nawabganj', NULL),
(35, 4, 'Cox\'s Bazar', NULL),
(36, 4, 'Bandarban', NULL),
(37, 2, 'Madaripur', NULL),
(38, 2, 'Rajbari', NULL),
(39, 2, 'Narayanganj', NULL),
(40, 5, 'Panchagarh', NULL),
(41, 4, 'Noakhali', NULL),
(42, 1, 'Magura', NULL),
(43, 1, 'Meherpur', NULL),
(44, 4, 'Feni', NULL),
(45, 3, 'Pirojpur', NULL),
(46, 3, 'Barguna', NULL),
(47, 4, 'Khagrachhari', NULL),
(48, 2, 'Gopalganj', NULL),
(49, 5, 'Kurigram', NULL),
(50, 2, 'Shariatpur', NULL),
(51, 1, 'Jessore', NULL),
(52, 8, 'Rajshahi', NULL),
(53, 8, 'Natore', NULL),
(54, 2, 'Manikganj', NULL),
(55, 4, 'Chandpur', NULL),
(56, 2, 'Gazipur', NULL),
(57, 1, 'Bagerhat', NULL),
(58, 1, 'Narail', NULL),
(59, 5, 'Gaibandha', NULL),
(60, 8, 'Sirajganj', NULL),
(61, 6, 'Sherpur', NULL),
(62, 5, 'Nilphamari', NULL),
(63, 4, 'Lakshmipur', NULL),
(64, 5, 'Lalmonirhat', NULL);

-- --------------------------------------------------------

--
-- Table structure for table `divisions`
--

CREATE TABLE `divisions` (
  `id` int(11) NOT NULL,
  `name` varchar(255) DEFAULT NULL,
  `name_bn` varchar(255) DEFAULT NULL
) ENGINE=InnoDB DEFAULT CHARSET=utf8mb4 COLLATE=utf8mb4_general_ci;

--
-- Dumping data for table `divisions`
--

INSERT INTO `divisions` (`id`, `name`, `name_bn`) VALUES
(1, 'Khulna', NULL),
(2, 'Dhaka', NULL),
(3, 'Barisal', NULL),
(4, 'Chittagong', NULL),
(5, 'Rangpur', NULL),
(6, 'Mymensingh', NULL),
(7, 'Sylhet', NULL),
(8, 'Rajshahi', NULL);

-- --------------------------------------------------------

--
-- Table structure for table `events`
--

CREATE TABLE `events` (
  `id` int(11) NOT NULL,
  `name` varchar(255) NOT NULL,
  `type_id` int(11) DEFAULT NULL,
  `objective` text DEFAULT NULL,
  `status` tinyint(4) DEFAULT 0,
  `visibility` tinyint(4) DEFAULT 0,
  `target_group_id` int(11) DEFAULT NULL,
  `created_by` int(11) DEFAULT NULL,
  `organized_by` int(11) DEFAULT NULL,
  `capacity` int(11) DEFAULT NULL,
  `est_budget` double(10,2) DEFAULT NULL,
  `est_spending` double(10,2) DEFAULT NULL,
  `volunteer_team_id` int(11) DEFAULT NULL,
  `location` varchar(255) DEFAULT NULL,
  `division_id` int(11) DEFAULT NULL,
  `district_id` int(11) DEFAULT NULL,
  `thana_id` int(11) DEFAULT NULL,
  `ward_id` int(11) DEFAULT NULL,
  `union_id` int(11) DEFAULT NULL,
  `metadata` longtext CHARACTER SET utf8mb4 COLLATE utf8mb4_bin DEFAULT NULL CHECK (json_valid(`metadata`)),
  `expected_start_datetime` datetime DEFAULT NULL,
  `expected_end_datetime` datetime DEFAULT NULL,
  `actual_start_datetime` datetime DEFAULT NULL,
  `actual_end_datetime` datetime DEFAULT NULL,
  `createdAt` datetime NOT NULL,
  `updatedAt` datetime NOT NULL
) ENGINE=InnoDB DEFAULT CHARSET=utf8mb4 COLLATE=utf8mb4_general_ci;

-- --------------------------------------------------------

--
-- Table structure for table `event_target_groups`
--

CREATE TABLE `event_target_groups` (
  `id` int(11) NOT NULL,
  `name` varchar(255) DEFAULT NULL,
  `description` varchar(255) DEFAULT NULL,
  `createdAt` datetime NOT NULL,
  `updatedAt` datetime NOT NULL
) ENGINE=InnoDB DEFAULT CHARSET=utf8mb4 COLLATE=utf8mb4_general_ci;

-- --------------------------------------------------------

--
-- Table structure for table `event_types`
--

CREATE TABLE `event_types` (
  `id` int(11) NOT NULL,
  `name` varchar(255) DEFAULT NULL,
  `description` text DEFAULT NULL,
  `createdAt` datetime NOT NULL,
  `updatedAt` datetime NOT NULL
) ENGINE=InnoDB DEFAULT CHARSET=utf8mb4 COLLATE=utf8mb4_general_ci;

-- --------------------------------------------------------

--
-- Table structure for table `files`
--

CREATE TABLE `files` (
  `id` int(11) NOT NULL,
  `file_name` varchar(255) DEFAULT NULL,
  `user_id` int(11) DEFAULT NULL,
  `company_id` int(11) DEFAULT NULL,
  `location_id` int(11) DEFAULT NULL,
  `area_id` int(11) DEFAULT NULL,
  `file_size` int(11) DEFAULT NULL,
  `file_url` varchar(255) DEFAULT NULL,
  `createdAt` datetime NOT NULL,
  `updatedAt` datetime NOT NULL
) ENGINE=InnoDB DEFAULT CHARSET=utf8mb4 COLLATE=utf8mb4_general_ci;

-- --------------------------------------------------------

--
-- Table structure for table `holidays`
--

CREATE TABLE `holidays` (
  `id` int(11) NOT NULL,
  `name` varchar(255) NOT NULL,
  `description` text DEFAULT NULL,
  `date` date NOT NULL,
  `type` enum('government','religious','company','team_specific','location_specific','area_specific','territory_specific') NOT NULL DEFAULT 'company',
  `scope` enum('global','team','location','area','territory','user_specific') NOT NULL DEFAULT 'global',
  `company_id` int(11) DEFAULT NULL,
  `team_id` int(11) DEFAULT NULL,
  `location_id` int(11) DEFAULT NULL,
  `area_id` int(11) DEFAULT NULL,
  `territory_id` int(11) DEFAULT NULL,
  `is_recurring` tinyint(1) DEFAULT 0,
  `is_active` tinyint(1) DEFAULT 1,
  `created_by` int(11) DEFAULT NULL,
  `createdAt` datetime NOT NULL,
  `updatedAt` datetime NOT NULL
) ENGINE=InnoDB DEFAULT CHARSET=utf8mb4 COLLATE=utf8mb4_general_ci;

-- --------------------------------------------------------

--
-- Table structure for table `locations`
--

CREATE TABLE `locations` (
  `id` int(11) NOT NULL,
  `location_name` varchar(255) DEFAULT NULL,
  `company_id` int(11) DEFAULT NULL,
  `team_id` int(11) DEFAULT NULL,
  `address` varchar(255) DEFAULT NULL,
  `metadata` longtext CHARACTER SET utf8mb4 COLLATE utf8mb4_bin DEFAULT NULL CHECK (json_valid(`metadata`)),
  `createdAt` datetime NOT NULL,
  `updatedAt` datetime NOT NULL
) ENGINE=InnoDB DEFAULT CHARSET=utf8mb4 COLLATE=utf8mb4_general_ci;

-- --------------------------------------------------------

--
-- Table structure for table `permissions`
--

CREATE TABLE `permissions` (
  `id` int(11) NOT NULL,
  `name` varchar(255) DEFAULT NULL,
  `createdAt` datetime NOT NULL,
  `updatedAt` datetime NOT NULL
) ENGINE=InnoDB DEFAULT CHARSET=utf8mb4 COLLATE=utf8mb4_general_ci;

--
-- Dumping data for table `permissions`
--

INSERT INTO `permissions` (`id`, `name`, `createdAt`, `updatedAt`) VALUES
(1, 'view-users', '2025-11-27 05:58:31', '2025-11-27 05:58:31'),
(2, 'add-users', '2025-11-27 05:58:31', '2025-11-27 05:58:31'),
(3, 'edit-users', '2025-11-27 05:58:31', '2025-11-27 05:58:31'),
(4, 'delete-users', '2025-11-27 05:58:31', '2025-11-27 05:58:31'),
(5, 'view-dashboard', '2025-11-27 05:58:31', '2025-11-27 05:58:31'),
(6, 'view-attendance-reports', '2025-11-27 05:58:31', '2025-11-27 05:58:31'),
(7, 'create-roles', '2025-11-27 05:58:31', '2025-11-27 05:58:31'),
(8, 'edit-roles', '2025-11-27 05:58:31', '2025-11-27 05:58:31'),
(9, 'create-permissions', '2025-11-27 05:58:31', '2025-11-27 05:58:31'),
(10, 'edit-permissions', '2025-11-27 05:58:31', '2025-11-27 05:58:31'),
(11, 'delete-permissions', '2025-11-27 05:58:31', '2025-11-27 05:58:31'),
(12, 'view-permissions', '2025-11-27 05:58:31', '2025-11-27 05:58:31'),
(13, 'delete-roles', '2025-11-27 05:58:31', '2025-11-27 05:58:31'),
(14, 'mark-attendance', '2025-11-27 05:58:31', '2025-11-27 05:58:31'),
(15, 'view-areas', '2025-11-27 05:58:31', '2025-11-27 05:58:31'),
(16, 'add-areas', '2025-11-27 05:58:31', '2025-11-27 05:58:31'),
(17, 'edit-areas', '2025-11-27 05:58:31', '2025-11-27 05:58:31'),
(18, 'delete-areas', '2025-11-27 05:58:31', '2025-11-27 05:58:31'),
(19, 'view-regions', '2025-11-27 05:58:31', '2025-11-27 05:58:31'),
(20, 'add-regions', '2025-11-27 05:58:31', '2025-11-27 05:58:31'),
(21, 'edit-regions', '2025-11-27 05:58:31', '2025-11-27 05:58:31'),
(22, 'delete-regions', '2025-11-27 05:58:31', '2025-11-27 05:58:31'),
(23, 'view-permissions', '2025-11-27 05:58:31', '2025-11-27 05:58:31'),
(24, 'view-user-details', '2025-11-27 05:58:31', '2025-11-27 05:58:31'),
(25, 'view-holidays', '2025-11-27 05:58:31', '2025-11-27 05:58:31'),
(26, 'set-holidays', '2025-11-27 05:58:31', '2025-11-27 05:58:31'),
(27, 'view-policies', '2025-11-27 05:58:31', '2025-11-27 05:58:31'),
(28, 'view-rffs', '2025-11-27 05:58:31', '2025-11-27 05:58:31'),
(29, 'view-rffs', '2025-11-27 05:58:31', '2025-11-27 05:58:31'),
(30, 'delete-rffs', '2025-11-27 05:58:31', '2025-11-27 05:58:31'),
(31, 'assign-policy', '2025-11-27 05:58:31', '2025-11-27 05:58:31'),
(32, 'view-teams', '2025-11-27 05:58:31', '2025-11-27 05:58:31'),
(33, 'edit-teams', '2025-11-27 05:58:31', '2025-11-27 05:58:31'),
(34, 'delete-teams', '2025-11-27 05:58:31', '2025-11-27 05:58:31'),
(35, 'view-territories', '2025-11-27 05:58:31', '2025-11-27 05:58:31'),
(36, 'edit-territories', '2025-11-27 05:58:31', '2025-11-27 05:58:31'),
(37, 'delete-territories', '2025-11-27 05:58:31', '2025-11-27 05:58:31'),
(38, 'view-roles', '2025-11-27 05:58:31', '2025-11-27 05:58:31');

-- --------------------------------------------------------

--
-- Table structure for table `rff_points`
--

CREATE TABLE `rff_points` (
  `id` int(11) NOT NULL,
  `name` varchar(255) NOT NULL,
  `rff_sub_code` varchar(255) DEFAULT NULL,
  `company_id` int(11) DEFAULT NULL,
  `territory_id` int(11) DEFAULT NULL,
  `createdAt` datetime NOT NULL,
  `updatedAt` datetime NOT NULL,
  `start_date` datetime DEFAULT NULL,
  `isActive` tinyint(1) DEFAULT 1
) ENGINE=InnoDB DEFAULT CHARSET=utf8mb4 COLLATE=utf8mb4_general_ci;

-- --------------------------------------------------------

--
-- Table structure for table `roles`
--

CREATE TABLE `roles` (
  `id` int(11) NOT NULL,
  `name` varchar(255) DEFAULT NULL,
  `createdAt` datetime DEFAULT NULL,
  `updatedAt` datetime DEFAULT NULL
) ENGINE=InnoDB DEFAULT CHARSET=utf8mb4 COLLATE=utf8mb4_general_ci;

--
-- Dumping data for table `roles`
--

INSERT INTO `roles` (`id`, `name`, `createdAt`, `updatedAt`) VALUES
(1, 'super-admin', '2025-11-27 05:58:31', '2025-11-27 05:58:31'),
(2, 'admin', '2025-11-27 05:58:31', '2025-11-27 05:58:31'),
(3, 'volunteer', '2025-11-27 06:01:11', '2025-11-27 06:01:11');

-- --------------------------------------------------------

--
-- Table structure for table `role_permissions`
--

CREATE TABLE `role_permissions` (
  `id` int(11) NOT NULL,
  `role_id` int(11) DEFAULT NULL,
  `permission_id` int(11) DEFAULT NULL,
  `createdAt` datetime NOT NULL,
  `updatedAt` datetime NOT NULL
) ENGINE=InnoDB DEFAULT CHARSET=utf8mb4 COLLATE=utf8mb4_general_ci;

--
-- Dumping data for table `role_permissions`
--

INSERT INTO `role_permissions` (`id`, `role_id`, `permission_id`, `createdAt`, `updatedAt`) VALUES
(1, 1, 1, '2025-11-27 05:58:31', '2025-11-27 05:58:31'),
(2, 1, 2, '2025-11-27 05:58:31', '2025-11-27 05:58:31'),
(3, 1, 3, '2025-11-27 05:58:31', '2025-11-27 05:58:31'),
(4, 1, 4, '2025-11-27 05:58:31', '2025-11-27 05:58:31'),
(5, 1, 5, '2025-11-27 05:58:31', '2025-11-27 05:58:31'),
(6, 1, 6, '2025-11-27 05:58:31', '2025-11-27 05:58:31'),
(7, 1, 7, '2025-11-27 05:58:31', '2025-11-27 05:58:31'),
(8, 1, 8, '2025-11-27 05:58:31', '2025-11-27 05:58:31'),
(9, 1, 9, '2025-11-27 05:58:31', '2025-11-27 05:58:31'),
(10, 1, 10, '2025-11-27 05:58:31', '2025-11-27 05:58:31'),
(11, 1, 11, '2025-11-27 05:58:31', '2025-11-27 05:58:31'),
(12, 1, 12, '2025-11-27 05:58:31', '2025-11-27 05:58:31'),
(13, 1, 13, '2025-11-27 05:58:31', '2025-11-27 05:58:31'),
(14, 1, 14, '2025-11-27 05:58:31', '2025-11-27 05:58:31'),
(15, 1, 15, '2025-11-27 05:58:31', '2025-11-27 05:58:31'),
(16, 1, 16, '2025-11-27 05:58:31', '2025-11-27 05:58:31'),
(17, 1, 17, '2025-11-27 05:58:31', '2025-11-27 05:58:31'),
(18, 1, 18, '2025-11-27 05:58:31', '2025-11-27 05:58:31'),
(19, 1, 19, '2025-11-27 05:58:31', '2025-11-27 05:58:31'),
(20, 1, 20, '2025-11-27 05:58:31', '2025-11-27 05:58:31'),
(21, 1, 21, '2025-11-27 05:58:31', '2025-11-27 05:58:31'),
(22, 1, 22, '2025-11-27 05:58:31', '2025-11-27 05:58:31'),
(23, 1, 23, '2025-11-27 05:58:31', '2025-11-27 05:58:31'),
(24, 1, 24, '2025-11-27 05:58:31', '2025-11-27 05:58:31'),
(25, 1, 25, '2025-11-27 05:58:31', '2025-11-27 05:58:31'),
(26, 1, 26, '2025-11-27 05:58:31', '2025-11-27 05:58:31'),
(27, 1, 27, '2025-11-27 05:58:31', '2025-11-27 05:58:31'),
(28, 1, 28, '2025-11-27 05:58:31', '2025-11-27 05:58:31'),
(29, 1, 29, '2025-11-27 05:58:31', '2025-11-27 05:58:31'),
(30, 1, 30, '2025-11-27 05:58:31', '2025-11-27 05:58:31'),
(31, 1, 31, '2025-11-27 05:58:31', '2025-11-27 05:58:31'),
(32, 1, 32, '2025-11-27 05:58:31', '2025-11-27 05:58:31'),
(33, 1, 33, '2025-11-27 05:58:31', '2025-11-27 05:58:31'),
(34, 1, 34, '2025-11-27 05:58:31', '2025-11-27 05:58:31'),
(35, 1, 35, '2025-11-27 05:58:31', '2025-11-27 05:58:31'),
(36, 1, 36, '2025-11-27 05:58:31', '2025-11-27 05:58:31'),
(37, 1, 37, '2025-11-27 05:58:31', '2025-11-27 05:58:31'),
(38, 1, 38, '2025-11-27 05:58:31', '2025-11-27 05:58:31');

-- --------------------------------------------------------

--
-- Table structure for table `sequelizemeta`
--

CREATE TABLE `sequelizemeta` (
  `name` varchar(255) NOT NULL
) ENGINE=InnoDB DEFAULT CHARSET=utf8 COLLATE=utf8_unicode_ci;

--
-- Dumping data for table `sequelizemeta`
--

INSERT INTO `sequelizemeta` (`name`) VALUES
('20250422144815-create-user.js'),
('20250423063932-create-role.js'),
('20250423064041-create-user-role.js'),
('20250520120124-create-attendence.js'),
('20250520121459-create-attendence-policy.js'),
('20250520122504-create-company-attendence-policy.js'),
('20250520122707-create-attendence-device.js'),
('20250520122926-create-file.js'),
('20250521121354-create-company.js'),
('20250521121802-create-area.js'),
('20250521121909-create-location.js'),
('20250521122012-create-worker-location.js'),
('20250526111125-create-attendance-policy-history.js'),
('20250603092117-create-designation.js'),
('20250603114931-create-department.js'),
('20250603114957-create-team.js'),
('20250603115012-create-territory.js'),
('20250603115147-create-rff-point.js'),
('20250612041840-create-permission.js'),
('20250612041942-create-role-permission.js'),
('20250616061214-create-holiday.js'),
('20250616061848-create-user-holiday.js'),
('20250617102400-add-other-info-to-users.js'),
('20250617104507-create-user-personal-details.js'),
('20250617105941-create-user-document.js'),
('20250619154202-rename-area_id-in-locations.js'),
('20250619155028-create-app-metadata.js'),
('20250621020704-add-start-date-to-rff_points.js'),
('20250629085339-add-rff_id-to-users.js'),
('20250702122019-add-attendance_taken_by-to-attendances.js'),
('20250703120618-add-isActive-to-rff_points.js'),
('20250705083958-add-location-remarks-to-attendances.js'),
('20250712100541-update-attendance-device.js'),
('20251123160123-create-candidate-profile.js'),
('20251124150759-create-volunteer.js'),
('20251126135834-create-task.js'),
('20251126170958-create-volunteer-team.js'),
('20251127131928-create-volunteer-team-member.js'),
('20251128062303-create-event.js'),
('20251128064559-create-event-type.js'),
('20251128064705-create-event-target-group.js'),
('20251203164500-create-campaign-milestone.js'),
('20251203223600-create-campaign-type.js'),
('20251203223700-create-campaign-milestone-type.js'),
('20251203234500-update-milestone-dates.js');

-- --------------------------------------------------------

--
-- Table structure for table `tasks`
--

CREATE TABLE `tasks` (
  `id` int(11) NOT NULL,
  `title` varchar(255) DEFAULT NULL,
  `description` varchar(255) DEFAULT NULL,
  `priority` int(11) DEFAULT NULL,
  `duetime` datetime DEFAULT NULL,
  `status` varchar(255) DEFAULT NULL,
  `type` varchar(255) DEFAULT NULL,
  `createdAt` datetime NOT NULL,
  `updatedAt` datetime NOT NULL
) ENGINE=InnoDB DEFAULT CHARSET=utf8mb4 COLLATE=utf8mb4_general_ci;

--
-- Dumping data for table `tasks`
--

INSERT INTO `tasks` (`id`, `title`, `description`, `priority`, `duetime`, `status`, `type`, `createdAt`, `updatedAt`) VALUES
(5, 'dshg', 'sdfg', 2, '2025-12-03 16:59:00', 'Pending', 'General', '2025-12-03 16:57:54', '2025-12-03 16:57:54');

-- --------------------------------------------------------

--
-- Table structure for table `teams`
--

CREATE TABLE `teams` (
  `id` int(11) NOT NULL,
  `name` varchar(255) DEFAULT NULL,
  `description` varchar(255) DEFAULT NULL,
  `company_id` int(11) DEFAULT NULL,
  `department_id` int(11) DEFAULT NULL,
  `createdAt` datetime NOT NULL,
  `updatedAt` datetime NOT NULL
) ENGINE=InnoDB DEFAULT CHARSET=utf8mb4 COLLATE=utf8mb4_general_ci;

-- --------------------------------------------------------

--
-- Table structure for table `territories`
--

CREATE TABLE `territories` (
  `id` int(11) NOT NULL,
  `name` varchar(255) DEFAULT NULL,
  `description` varchar(255) DEFAULT NULL,
  `company_id` int(11) DEFAULT NULL,
  `area_id` int(11) DEFAULT NULL,
  `location_id` int(11) DEFAULT NULL,
  `createdAt` datetime NOT NULL,
  `updatedAt` datetime NOT NULL
) ENGINE=InnoDB DEFAULT CHARSET=utf8mb4 COLLATE=utf8mb4_general_ci;

-- --------------------------------------------------------

--
-- Table structure for table `unions`
--

CREATE TABLE `unions` (
  `id` int(11) NOT NULL,
  `upazila_id` int(11) DEFAULT NULL,
  `name` varchar(255) DEFAULT NULL,
  `name_bn` varchar(255) DEFAULT NULL
) ENGINE=InnoDB DEFAULT CHARSET=utf8mb4 COLLATE=utf8mb4_general_ci;

--
-- Dumping data for table `unions`
--

INSERT INTO `unions` (`id`, `upazila_id`, `name`, `name_bn`) VALUES
(1, 1, 'Abaipur', NULL),
(2, 2, 'Abdullahpur', NULL),
(3, 3, 'Abdullapur', NULL),
(4, 5, 'Abdulpur', NULL),
(5, 3, 'Abu Bakarpur', NULL),
(6, 7, 'Achargaon', NULL),
(7, 8, 'Achim Patuli', NULL),
(8, 9, 'Achintapur', NULL),
(9, 10, 'Achmita', NULL),
(10, 11, 'Adabaria', NULL),
(11, 13, 'Adair', NULL),
(12, 14, 'Adam Dighi', NULL),
(13, 15, 'Adampur', NULL),
(14, 17, 'Adarbhita', NULL),
(15, 18, 'Adda', NULL),
(16, 19, 'Adhaipur', NULL),
(17, 3, 'Adhakha Nazrul Nagar', NULL),
(18, 20, 'Adhara', NULL),
(19, 21, 'Adhunagar', NULL),
(20, 22, 'Adiabad', NULL),
(21, 18, 'Adra', NULL),
(22, 25, 'Adrabunia', NULL),
(23, 26, 'Adrarak Chara', NULL),
(24, 27, 'Aftabnagar', NULL),
(25, 18, 'Aganagar', NULL),
(26, 30, 'Agardari', NULL),
(27, 31, 'Agarpur', NULL),
(28, 32, 'Agia', NULL),
(29, 33, 'Agla', NULL),
(30, 34, 'Agra Digun', NULL),
(31, 35, 'Ahammedpur', NULL),
(32, 36, 'Ahla Karaldanga', NULL),
(33, 37, 'Ahmadabad', NULL),
(34, 38, 'Ahmmedabad', NULL),
(35, 39, 'Ahsanganj', NULL),
(36, 40, 'Aiba Chhara', NULL),
(37, 41, 'Aihai', NULL),
(38, 42, 'Aijganti', NULL),
(39, 5, 'Ailchara', NULL),
(40, 43, 'Ajgana', NULL),
(41, 44, 'Ajgara', NULL),
(42, 45, 'Ajmiriganj', NULL),
(43, 45, 'Ajmiriganj Paurashava', NULL),
(44, 46, 'Ajugara', NULL),
(45, 47, 'Akbarpur', NULL),
(46, 48, 'Akcha', NULL),
(47, 49, 'Akhailkura', NULL),
(48, 48, 'Akhanagar', NULL),
(49, 50, 'Akhaura Paurashava', NULL),
(50, 51, 'Akkelpur Paurashava', NULL),
(51, 52, 'Akter Char', NULL),
(52, 53, 'Akua', NULL),
(53, 54, 'Akubpur', NULL),
(54, 55, 'Aladipur', NULL),
(55, 56, 'Alam Biditar', NULL),
(56, 57, 'Alamdanga Paurashava', NULL),
(57, 58, 'Alamnagar', NULL),
(58, 5, 'Alampur', NULL),
(59, 61, 'Alankari', NULL),
(60, 62, 'Alatuli', NULL),
(61, 63, 'Alfadanga', NULL),
(62, 64, 'Algi', NULL),
(63, 65, 'Ali Akbar Deil', NULL),
(64, 66, 'Aliabad', NULL),
(65, 67, 'Alihat', NULL),
(66, 68, 'Alikadam', NULL),
(67, 69, 'Alikhong', NULL),
(68, 70, 'Alimabad', NULL),
(69, 71, 'Alinagar', NULL),
(70, 75, 'Alipur', NULL),
(71, 22, 'Alipura', NULL),
(72, 77, 'Alir Tek', NULL),
(73, 78, 'Alirgaon', NULL),
(74, 79, 'Alkara', NULL),
(75, 80, 'Alokbali', NULL),
(76, 81, 'Alokdia', NULL),
(77, 6, 'Alokdihi', NULL),
(78, 83, 'Alokjhari', NULL),
(79, 84, 'Alowa Khowa', NULL),
(80, 85, 'Alyerapur', NULL),
(81, 86, 'Amadi', NULL),
(82, 47, 'Amair', NULL),
(83, 87, 'Amalsar', NULL),
(84, 88, 'Amanullah', NULL),
(85, 85, 'Amanullapur', NULL),
(86, 89, 'Amarkhana', NULL),
(87, 6, 'Amarpur', NULL),
(88, 90, 'Ambaria', NULL),
(89, 92, 'Ambarnagar', NULL),
(90, 66, 'Ambikapur', NULL),
(91, 36, 'Amchia', NULL),
(92, 93, 'Amda', NULL),
(93, 94, 'Amdai', NULL),
(94, 80, 'Amdia', NULL),
(95, 95, 'Amgaon', NULL),
(96, 96, 'Amgram', NULL),
(97, 97, 'Amilais', NULL),
(98, 98, 'Amin Bazar', NULL),
(99, 3, 'Aminabad', NULL),
(100, 21, 'Amirabad', NULL),
(101, 100, 'Amirabari', NULL),
(102, 22, 'Amirganj', NULL),
(103, 101, 'Amirpur', NULL),
(104, 92, 'Amisha Para', NULL),
(105, 102, 'Amjadhat', NULL),
(106, 103, 'Amjankhore', NULL),
(107, 93, 'Amjhupi', NULL),
(108, 104, 'Amkhola', NULL),
(109, 91, 'Amla', NULL),
(110, 105, 'Amlaba', NULL),
(111, 106, 'Amragachhia', NULL),
(112, 108, 'Amrajuri', NULL),
(113, 109, 'Amratali', NULL),
(114, 110, 'Amrool', NULL),
(115, 111, 'Amta', NULL),
(116, 112, 'Amtail', NULL),
(117, 113, 'Amtala', NULL),
(118, 114, 'Amtali', NULL),
(119, 25, 'Amua', NULL),
(120, 118, 'Amura', NULL),
(121, 43, 'Anaitara', NULL),
(122, 102, 'Anandapur', NULL),
(123, 119, 'Anderchar', NULL),
(124, 70, 'Andhar Manik', NULL),
(125, 120, 'Andhari Jhar', NULL),
(126, 54, 'Andikot', NULL),
(127, 13, 'Andiurauk', NULL),
(128, 121, 'Andulbaria', NULL),
(129, 122, 'Anehola', NULL),
(130, 83, 'Angar Para', NULL),
(131, 123, 'Angaria', NULL),
(132, 125, 'Annadanagar', NULL),
(133, 126, 'Anowara', NULL),
(134, 127, 'Anulia', NULL),
(135, 128, 'Aolai', NULL),
(136, 129, 'Aona', NULL),
(137, 130, 'Aorail', NULL),
(138, 131, 'Arabpur', NULL),
(139, 132, 'Araibaria', NULL),
(140, 133, 'Araihazar', NULL),
(141, 134, 'Araisidha', NULL),
(142, 34, 'Aranagar', NULL),
(143, 12, 'Aranghata', NULL),
(144, 135, 'Arani', NULL),
(145, 135, 'Arani Paurashava', NULL),
(146, 81, 'Arankhola', NULL),
(147, 136, 'Arbab', NULL),
(148, 12, 'Aria', NULL),
(149, 2, 'Arial', NULL),
(150, 137, 'Arjuna', NULL),
(151, 136, 'Arjunpur Boromhati', NULL),
(152, 138, 'Arjuntala', NULL),
(153, 114, 'Arpangashia', NULL),
(154, 139, 'Arpara', NULL),
(155, 140, 'Arshi Nagar', NULL),
(156, 141, 'Arua', NULL),
(157, 142, 'Asad Pur', NULL),
(158, 110, 'Asekpur', NULL),
(159, 143, 'Asharkandi', NULL),
(160, 144, 'Ashidron', NULL),
(161, 145, 'Ashikati', NULL),
(162, 146, 'Ashrafpur', NULL),
(163, 147, 'Ashta Manisha', NULL),
(164, 53, 'Ashtadhar', NULL),
(165, 148, 'Ashtamir Char', NULL),
(166, 134, 'Ashugang', NULL),
(167, 98, 'Ashulia', NULL),
(168, 119, 'Ashwadia', NULL),
(169, 149, 'Asia', NULL),
(170, 150, 'Askarpur', NULL),
(171, 3, 'Aslampur', NULL),
(172, 151, 'Asma', NULL),
(173, 127, 'Assasuni', NULL),
(174, 152, 'Asujia', NULL),
(175, 153, 'Atabaha', NULL),
(176, 154, 'Ataikola', NULL),
(177, 128, 'Atapur', NULL),
(178, 156, 'Atbar Pur (Paschim Chandina)', NULL),
(179, 157, 'Atgaon', NULL),
(180, 159, 'Atghar', NULL),
(181, 160, 'Atghar Kuriana', NULL),
(182, 161, 'Atgharia Paurashava', NULL),
(183, 162, 'Atharabari', NULL),
(184, 114, 'Atharagashia', NULL),
(185, 163, 'Atharakhada', NULL),
(186, 164, 'Atia', NULL),
(187, 165, 'Atigram', NULL),
(188, 166, 'Atjuri', NULL),
(189, 167, 'Atlia', NULL),
(190, 168, 'Atmul', NULL),
(191, 169, 'Atpara', NULL),
(192, 170, 'Atra Gilatala', NULL),
(193, 171, 'Atulia', NULL),
(194, 172, 'Auch Para', NULL),
(195, 6, 'Aulia Pukur', NULL),
(196, 173, 'Auliapur', NULL),
(197, 174, 'Auria', NULL),
(198, 175, 'Auskandi', NULL),
(199, 81, 'Ausnara', NULL),
(200, 15, 'Austagram', NULL),
(201, 2, 'Autshahi', NULL),
(202, 176, 'Ayla Patakata', NULL),
(203, 128, 'Aymarasulpur', NULL),
(204, 177, 'Ayubpur', NULL),
(205, 178, 'Azampur', NULL),
(206, 64, 'Azimnagar', NULL),
(207, 88, 'Azimpur', NULL),
(208, 181, 'Aziznagar', NULL),
(209, 182, 'Babra Hachla', NULL),
(210, 183, 'Babuchhara', NULL),
(211, 184, 'Babukhali', NULL),
(212, 185, 'Babupara', NULL),
(213, 54, 'Babuti Para', NULL),
(214, 12, 'Bachamara', NULL),
(215, 186, 'Bachor', NULL),
(216, 187, 'Badair', NULL),
(217, 19, 'Badalgachhi', NULL),
(218, 188, 'Badalkut', NULL),
(219, 45, 'Badalpur', NULL),
(220, 96, 'Badar Pasha', NULL),
(221, 189, 'Badarganj', NULL),
(222, 176, 'Badarkhali', NULL),
(223, 191, 'Badarpur', NULL),
(224, 192, 'Badda', NULL),
(225, 193, 'Badhair', NULL),
(226, 146, 'Badhal', NULL),
(227, 194, 'Badiakhali', NULL),
(228, 195, 'Badla', NULL),
(229, 11, 'Baga', NULL),
(230, 196, 'Bagachra', NULL),
(231, 99, 'Bagadana', NULL),
(232, 86, 'Bagali', NULL),
(233, 4, 'Bagan Bazar', NULL),
(234, 197, 'Baganbari', NULL),
(235, 198, 'Bagar Char', NULL),
(236, 13, 'Bagasura', NULL),
(237, 199, 'Bagat', NULL),
(238, 200, 'Bagati Para', NULL),
(239, 200, 'Bagatipara Paurashava', NULL),
(240, 201, 'Bagdha', NULL),
(241, 202, 'Bagerhat Paurashava', NULL),
(242, 118, 'Bagha', NULL),
(243, 135, 'Bagha Paurashava', NULL),
(244, 177, 'Baghaba', NULL),
(245, 145, 'Baghadi', NULL),
(246, 116, 'Baghai Chhari', NULL),
(247, 116, 'Baghaichhari Paurashava', NULL),
(248, 203, 'Baghbati', NULL),
(249, 204, 'Baghber', NULL),
(250, 206, 'Bagher Para Paurashava', NULL),
(251, 207, 'Baghil', NULL),
(252, 208, 'Baghmara', NULL),
(253, 208, 'Baghmara Uttar', NULL),
(254, 169, 'Baghra', NULL),
(255, 12, 'Baghutia', NULL),
(256, 163, 'Bagia', NULL),
(257, 128, 'Bagjana', NULL),
(258, 210, 'Bagoan', NULL),
(259, 212, 'Bagulat', NULL),
(260, 1, 'Bagura', NULL),
(261, 213, 'Bagutia', NULL),
(262, 214, 'Bahadurabad', NULL),
(263, 215, 'Bahadurpur', NULL),
(264, 218, 'Bahadursadi', NULL),
(265, 219, 'Bahagili', NULL),
(266, 91, 'Bahalbaria', NULL),
(267, 13, 'Bahara', NULL),
(268, 220, 'Baharbunia', NULL),
(269, 221, 'Baharchhara', NULL),
(270, 223, 'Baharpur', NULL),
(271, 224, 'Baheratail', NULL),
(272, 216, 'Bahir Char', NULL),
(273, 225, 'Bahirdia Mansa', NULL),
(274, 75, 'Bahrampur', NULL),
(275, 226, 'Bahubal', NULL),
(276, 227, 'Bahugram', NULL),
(277, 203, 'Bahuli', NULL),
(278, 43, 'Bahuria', NULL),
(279, 228, 'Baidyer Bazar', NULL),
(280, 30, 'Baikari', NULL),
(281, 100, 'Bailar', NULL),
(282, 221, 'Bailchhari', NULL),
(283, 229, 'Bailtali', NULL),
(284, 230, 'Baintala', NULL),
(285, 53, 'Baira (kewatkhali)', NULL),
(286, 126, 'Bairag', NULL),
(287, 231, 'Bairati', NULL),
(288, 232, 'Bairchuna', NULL),
(289, 111, 'Baisakanda', NULL),
(290, 233, 'Baisari Para', NULL),
(291, 234, 'Baishari', NULL),
(292, 235, 'Baishgaon', NULL),
(293, 236, 'Bajitkhila', NULL),
(294, 96, 'Bajitpur', NULL),
(295, 237, 'Bajitpur Paurashava', NULL),
(296, 105, 'Bajnaba', NULL),
(297, 20, 'Bajra Jogini', NULL),
(298, 238, 'Bajua', NULL),
(299, 135, 'Bajubagha', NULL),
(300, 44, 'Bakai', NULL),
(301, 201, 'Bakal', NULL),
(302, 239, 'Bakaljora', NULL),
(303, 240, 'Bakila', NULL),
(304, 241, 'Baksh Mohammad', NULL),
(305, 23, 'Bakshaganj', NULL),
(306, 33, 'Bakshanagar', NULL),
(307, 198, 'Bakshiganj', NULL),
(308, 242, 'Bakshimail', NULL),
(309, 243, 'Baksimail', NULL),
(310, 8, 'Bakta', NULL),
(311, 77, 'Baktaballi', NULL),
(312, 4, 'Baktapur', NULL),
(313, 218, 'Baktarpur', NULL),
(314, 244, 'Baktiarpur', NULL),
(315, 95, 'Bakua', NULL),
(316, 104, 'Bakulbaria', NULL),
(317, 245, 'Bala Para', NULL),
(318, 246, 'Balaganj', NULL),
(319, 247, 'Balagram', NULL),
(320, 220, 'Balaibunia', NULL),
(321, 236, 'Balair Char', NULL),
(322, 152, 'Balaishimul', NULL),
(323, 179, 'Balara', NULL),
(324, 248, 'Balarampur', NULL),
(325, 249, 'Balarhat', NULL),
(326, 250, 'Baldhara', NULL),
(327, 160, 'Baldia', NULL),
(328, 251, 'Bali Para', NULL),
(329, 145, 'Balia', NULL),
(330, 253, 'Balia Dighi', NULL),
(331, 101, 'Baliadanga', NULL),
(332, 223, 'Baliakandi', NULL),
(333, 254, 'Baliakhora', NULL),
(334, 8, 'Balian', NULL),
(335, 237, 'Baliardi', NULL),
(336, 255, 'Baliatali', NULL),
(337, 256, 'Baliati', NULL),
(338, 257, 'Balibhadra', NULL),
(339, 62, 'Balidanga', NULL),
(340, 184, 'Balidia', NULL),
(341, 258, 'Baligaon', NULL),
(342, 128, 'Balighata', NULL),
(343, 72, 'Baligram', NULL),
(344, 244, 'Balihar', NULL),
(345, 17, 'Balijuri', NULL),
(346, 252, 'Balikhan', NULL),
(347, 260, 'Balipara', NULL),
(348, 179, 'Balla', NULL),
(349, 159, 'Ballabhdi', NULL),
(350, 262, 'Ballabher Khas', NULL),
(351, 194, 'Ballamjhar', NULL),
(352, 30, 'Balli', NULL),
(353, 263, 'Balua', NULL),
(354, 249, 'Balua Masimpur', NULL),
(355, 264, 'Baluakandi', NULL),
(356, 19, 'Balubhara', NULL),
(357, 265, 'Baluhar', NULL),
(358, 266, 'Balukhali', NULL),
(359, 267, 'Balur Char', NULL),
(360, 268, 'Bamai', NULL),
(361, 269, 'Bamandanga', NULL),
(362, 270, 'Bamandi', NULL),
(363, 94, 'Bambu', NULL),
(364, 271, 'Bamna', NULL),
(365, 272, 'Bamni', NULL),
(366, 190, 'Bamo Bilchari', NULL),
(367, 273, 'Bamrail', NULL),
(368, 274, 'Bamunia', NULL),
(369, 63, 'Bana', NULL),
(370, 98, 'Banagram', NULL),
(371, 43, 'Banail', NULL),
(372, 233, 'Banari Para', NULL),
(373, 276, 'Bandaber', NULL),
(374, 206, 'Bandabilla', NULL),
(375, 277, 'Bandar', NULL),
(376, 278, 'Bandarban', NULL),
(377, 278, 'Bandarban Paurashava', NULL),
(378, 279, 'Bandarkhola', NULL),
(379, 117, 'Bandhabari', NULL),
(380, 266, 'Banduk Bhanga', NULL),
(381, 33, 'Bandura', NULL),
(382, 280, 'Baneshwar', NULL),
(383, 281, 'Baneshwardi', NULL),
(384, 282, 'Bangakha', NULL),
(385, 15, 'Bangal Para', NULL),
(386, 283, 'Bangala', NULL),
(387, 284, 'Bangalhalia', NULL),
(388, 285, 'Bangalipur', NULL),
(389, 116, 'Bangaltali', NULL),
(390, 120, 'Bangasonahat', NULL),
(391, 20, 'Bangla Bazar', NULL),
(392, 287, 'Banglabandha', NULL),
(393, 23, 'Bangodda', NULL),
(394, 261, 'Bangra', NULL),
(395, 257, 'Baniajan', NULL),
(396, 254, 'Baniajuri', NULL),
(397, 76, 'Banibaha', NULL),
(398, 252, 'Banihala', NULL),
(399, 238, 'Banishanta', NULL),
(400, 289, 'Banjugi Chhara', NULL),
(401, 121, 'Banka', NULL),
(402, 290, 'Bankra', NULL),
(403, 291, 'Banpara Paurashava', NULL),
(404, 75, 'Banshbaria', NULL),
(405, 293, 'Banshchara', NULL),
(406, 30, 'Banshdaha', NULL),
(407, 72, 'Banshgari', NULL),
(408, 174, 'Banshgram', NULL),
(409, 279, 'Banshkandi', NULL),
(410, 221, 'Banshkhali Paurashava', NULL),
(411, 43, 'Banshtail', NULL),
(412, 230, 'Banshtali', NULL),
(413, 294, 'Banwarinagar', NULL),
(414, 252, 'Baola', NULL),
(415, 71, 'Bapta', NULL),
(416, 232, 'Bara Alampur', NULL),
(417, 104, 'Bara Baisdia', NULL),
(418, 295, 'Bara Bakia', NULL),
(419, 296, 'Bara Baria', NULL),
(420, 218, 'Bara Bazar', NULL),
(421, 297, 'Bara Bhita', NULL),
(422, 173, 'Bara Bighai', NULL),
(423, 172, 'Bara Bihanali', NULL),
(424, 298, 'Bara Chapa', NULL),
(425, 299, 'Bara Chatul', NULL),
(426, 232, 'Bara Dargah', NULL),
(427, 300, 'Bara Dhul', NULL),
(428, 301, 'Bara Gopalpur', NULL),
(429, 40, 'Bara Harina', NULL),
(430, 302, 'Bara Harishpur', NULL),
(431, 249, 'Bara Hazratpur', NULL),
(432, 303, 'Bara Jalia', NULL),
(433, 156, 'Bara Karai (uttar Bara Karai)', NULL),
(434, 304, 'Bara Kharpan', NULL),
(435, 305, 'Bara Kheri', NULL),
(436, 273, 'Bara Kotha', NULL),
(437, 301, 'Bara Krishnagar', NULL),
(438, 107, 'Bara Machhua', NULL),
(439, 306, 'Bara Maheskhali', NULL),
(440, 307, 'Bara Malancha', NULL),
(441, 308, 'Bara Manika', NULL),
(442, 103, 'Bara Palashbari', NULL),
(443, 283, 'Bara Pangashi', NULL),
(444, 208, 'Bara Para', NULL),
(445, 309, 'Bara Shalghar', NULL),
(446, 310, 'Bara Shashi', NULL),
(447, 311, 'Bara Thakuri', NULL),
(448, 149, 'Bara Uthan', NULL),
(449, 114, 'Barabagi', NULL),
(450, 249, 'Barabala', NULL),
(451, 312, 'Barabari', NULL),
(452, 313, 'Barabaria', NULL),
(453, 219, 'Barabhita', NULL),
(454, 56, 'Barabil', NULL),
(455, 292, 'Barabkunda', NULL),
(456, 127, 'Baradal', NULL),
(457, 228, 'Baradi', NULL),
(458, 314, 'Baragachhi', NULL),
(459, 92, 'Baragaon', NULL),
(460, 315, 'Baragharia', NULL),
(461, 65, 'Baraghop', NULL),
(462, 316, 'Baragram', NULL),
(463, 311, 'Barahal', NULL),
(464, 283, 'Barahar', NULL),
(465, 21, 'Barahatia', NULL),
(466, 162, 'Barahit', NULL),
(467, 202, 'Barai Para', NULL),
(468, 256, 'Baraid', NULL),
(469, 291, 'Baraigram', NULL),
(470, 291, 'Baraigram Paurashava', NULL),
(471, 317, 'Baraikandi', NULL),
(472, 169, 'Baraikhali', NULL),
(473, 318, 'Barail', NULL),
(474, 190, 'Baraitali', NULL),
(475, 319, 'Baraiuri', NULL),
(476, 320, 'Barakanda', NULL),
(477, 301, 'Barakandi', NULL),
(478, 5, 'Barakhada', NULL),
(479, 126, 'Barakhain', NULL),
(480, 321, 'Barakhata', NULL),
(481, 322, 'Barakpur', NULL),
(482, 149, 'Baralia', NULL),
(483, 229, 'Barama', NULL),
(484, 323, 'Baramchal', NULL),
(485, 115, 'Baranala', NULL),
(486, 324, 'Barapara', NULL),
(487, 126, 'Barasat', NULL),
(488, 76, 'Barat', NULL),
(489, 325, 'Baratali Banihari', NULL),
(490, 254, 'Baratia', NULL),
(491, 156, 'Barera', NULL),
(492, 326, 'Bargachha', NULL),
(493, 176, 'Barguna', NULL),
(494, 151, 'Barhatta', NULL),
(495, 327, 'Baria', NULL),
(496, 292, 'Bariadyala', NULL),
(497, 195, 'Baribari', NULL),
(498, 318, 'Barikandi', NULL),
(499, 328, 'Barisal', NULL),
(500, 329, 'Barishaba', NULL),
(501, 156, 'Barkait (purba Chandina Uni)', NULL),
(502, 229, 'Barkal', NULL),
(503, 309, 'Barkamta', NULL),
(504, 325, 'Barkashia Biramp', NULL),
(505, 330, 'Barlekha', NULL),
(506, 330, 'Barlekha Paurashava', NULL),
(507, 331, 'Barmachhari', NULL),
(508, 87, 'Barmi', NULL),
(509, 332, 'Barni', NULL),
(510, 333, 'Baroiar Hat Paurashava', NULL),
(511, 33, 'Barrah', NULL),
(512, 244, 'Barshail', NULL),
(513, 334, 'Barthi', NULL),
(514, 33, 'Baruakhali', NULL),
(515, 335, 'Barudia', NULL),
(516, 336, 'Baruhas', NULL),
(517, 91, 'Barui Para', NULL),
(518, 337, 'Baruia', NULL),
(519, 18, 'Barura Paurashava', NULL),
(520, 267, 'Basail', NULL),
(521, 327, 'Basan', NULL),
(522, 339, 'Basanda', NULL),
(523, 76, 'Basantapur', NULL),
(524, 316, 'Basati', NULL),
(525, 282, 'Basikpur', NULL),
(526, 28, 'Basta', NULL),
(527, 172, 'Basu Para', NULL),
(528, 206, 'Basuari', NULL),
(529, 340, 'Basudeb', NULL),
(530, 341, 'Basudebpur', NULL),
(531, 131, 'Basundia', NULL),
(532, 342, 'Basurhat Paurashava', NULL),
(533, 343, 'Bataiya', NULL),
(534, 334, 'Batajore', NULL),
(535, 156, 'Batakashi (purba Silpur)', NULL),
(536, 344, 'Batamara', NULL),
(537, 59, 'Batara', NULL),
(538, 101, 'Batiaghata', NULL),
(539, 227, 'Batikamari', NULL),
(540, 79, 'Batisha', NULL),
(541, 345, 'Batnatali', NULL),
(542, 198, 'Battajore', NULL),
(543, 126, 'Battali', NULL),
(544, 182, 'Bauisena', NULL),
(545, 346, 'Baulai', NULL),
(546, 347, 'Baultali', NULL),
(547, 11, 'Bauphal', NULL),
(548, 349, 'Baura', NULL),
(549, 88, 'Bauria', NULL),
(550, 135, 'Bausa', NULL),
(551, 175, 'Bausha', NULL),
(552, 151, 'Baushi', NULL),
(553, 264, 'Bausia', NULL),
(554, 267, 'Bayaragadi', NULL),
(555, 187, 'Bayek', NULL),
(556, 279, 'Bayratala Dakshin', NULL),
(557, 279, 'Bayratala Uttar', NULL),
(558, 97, 'Bazalia', NULL),
(559, 92, 'Bazra', NULL),
(560, 74, 'Beani Bazar', NULL),
(561, 74, 'Beani Bazar Paurashava', NULL),
(562, 82, 'Begampur', NULL),
(563, 85, 'Begumganj', NULL),
(564, 48, 'Begunbari', NULL),
(565, 351, 'Beheli', NULL),
(566, 115, 'Beimar', NULL),
(567, 348, 'Bejgaon', NULL),
(568, 138, 'Bejoybagh', NULL),
(569, 352, 'Bekra', NULL),
(570, 105, 'Belabo', NULL),
(571, 353, 'Belai Chhari', NULL),
(572, 354, 'Belaichandi', NULL),
(573, 115, 'Belchhari', NULL),
(574, 355, 'Belgachha', NULL),
(575, 57, 'Belgachhi', NULL),
(576, 208, 'Belghar', NULL),
(577, 208, 'Belghar Uttar', NULL),
(578, 269, 'Belka', NULL),
(579, 300, 'Belkuchi', NULL),
(580, 300, 'Belkuchi Paurashava', NULL),
(581, 280, 'Belpukuria', NULL),
(582, 357, 'Beltail', NULL),
(583, 202, 'Bemarta', NULL),
(584, 358, 'Benail', NULL),
(585, 196, 'Benapole', NULL),
(586, 196, 'Benapole Paurashava', NULL),
(587, 310, 'Benghari Banagram', NULL),
(588, 359, 'Bera Paurashava', NULL),
(589, 192, 'Beraid', NULL),
(590, 262, 'Berubari', NULL),
(591, 225, 'Betaga', NULL),
(592, 7, 'Betagair', NULL),
(593, 360, 'Betagi', NULL),
(594, 75, 'Betagi Sankipura', NULL),
(595, 90, 'Betbaria', NULL),
(596, 362, 'Betbunia', NULL),
(597, 55, 'Betdighi', NULL),
(598, 56, 'Betgari', NULL),
(599, 363, 'Bethuri', NULL),
(600, 165, 'Betila Mitara', NULL),
(601, 2, 'Betka', NULL),
(602, 328, 'Betkapa', NULL),
(603, 236, 'Betmari Ghughurakandi', NULL),
(604, 107, 'Betmore Rajpara', NULL),
(605, 282, 'Bhabaniganj', NULL),
(606, 172, 'Bhabanigonj Paurashava', NULL),
(607, 364, 'Bhabanipur', NULL),
(608, 264, 'Bhaber Char', NULL),
(609, 217, 'Bhabicha', NULL),
(610, 53, 'Bhabkhali', NULL),
(611, 83, 'Bhabki', NULL),
(612, 227, 'Bhabrasur', NULL),
(613, 366, 'Bhadai', NULL),
(614, 226, 'Bhadeshwar', NULL),
(615, 352, 'Bhadra', NULL),
(616, 174, 'Bhadrabila', NULL),
(617, 367, 'Bhadraghat', NULL),
(618, 279, 'Bhadrasan', NULL),
(619, 94, 'Bhadsa', NULL),
(620, 368, 'Bhadur', NULL),
(621, 33, 'Bhaduria', NULL),
(622, 169, 'Bhagyakul', NULL),
(623, 369, 'Bhaibonchhara', NULL),
(624, 29, 'Bhairab Paurashava', NULL),
(625, 252, 'Bhaitkandi', NULL),
(626, 98, 'Bhakurta', NULL),
(627, 321, 'Bhalaguri', NULL),
(628, 370, 'Bhalain', NULL),
(629, 371, 'Bhaluka', NULL),
(630, 371, 'Bhaluka Paurashava', NULL),
(631, 280, 'Bhalukgachhi', NULL),
(632, 167, 'Bhandar Para', NULL),
(633, 180, 'Bhandara', NULL),
(634, 372, 'Bhandarbari', NULL),
(635, 373, 'Bhandaria', NULL),
(636, 279, 'Bhandarikandi', NULL),
(637, 101, 'Bhanderkote', NULL),
(638, 64, 'Bhanga Paurashava', NULL),
(639, 300, 'Bhangabari', NULL),
(640, 57, 'Bhangabaria', NULL),
(641, 297, 'Bhangamon', NULL),
(642, 9, 'Bhangnamari', NULL),
(643, 249, 'Bhangni', NULL),
(644, 147, 'Bhangura', NULL),
(645, 147, 'Bhangura Paurashava', NULL),
(646, 309, 'Bhani', NULL),
(647, 103, 'Bhanor', NULL),
(648, 43, 'Bhaora', NULL),
(649, 374, 'Bhar Pasha', NULL),
(650, 352, 'Bhara', NULL),
(651, 218, 'Bhara Simla', NULL),
(652, 375, 'Bharabpasha', NULL),
(653, 371, 'Bharadoba', NULL),
(654, 154, 'Bharara', NULL),
(655, 111, 'Bhararia', NULL),
(656, 243, 'Bharella', NULL),
(657, 370, 'Bharso', NULL),
(658, 376, 'Bhartkhali', NULL),
(659, 377, 'Bharuakhali', NULL),
(660, 70, 'Bhasan Char', NULL),
(661, 142, 'Bhasania', NULL),
(662, 26, 'Bhasanya Adam', NULL),
(663, 52, 'Bhashanchar', NULL),
(664, 192, 'Bhatara', NULL),
(665, 323, 'Bhatera', NULL),
(666, 378, 'Bhatgaon', NULL),
(667, 43, 'Bhatgram', NULL),
(668, 380, 'Bhati Para', NULL),
(669, 292, 'Bhatiari', NULL),
(670, 149, 'Bhatikhain', NULL),
(671, 368, 'Bhatra', NULL),
(672, 236, 'Bhatsala', NULL),
(673, 95, 'Bhaturia', NULL),
(674, 159, 'Bhawal', NULL),
(675, 381, 'Bhaya Lakshmipur', NULL),
(676, 382, 'Bhayna', NULL),
(677, 140, 'Bhedarganj Paurashava', NULL),
(678, 71, 'Bhedaria', NULL),
(679, 383, 'Bhelabari', NULL),
(680, 71, 'Bhelu Miah', NULL),
(681, 384, 'Bhelua', NULL),
(682, 232, 'Bhendabari', NULL),
(683, 190, 'Bheola Manik Char', NULL),
(684, 216, 'Bheramara Paurashava', NULL),
(685, 83, 'Bherbheri', NULL),
(686, 6, 'Bhiail', NULL),
(687, 385, 'Bhimpur', NULL),
(688, 373, 'Bhitabaria', NULL),
(689, 262, 'Bhitarband', NULL),
(690, 274, 'Bhogdabari', NULL),
(691, 356, 'Bhogdanga', NULL),
(692, 386, 'Bhognagar', NULL),
(693, 287, 'Bhojanpur', NULL),
(694, 287, 'Bhojanpur Debnagar', NULL),
(695, 387, 'Bhojeshwar', NULL),
(696, 388, 'Bhojgati', NULL),
(697, 230, 'Bhojpatia', NULL),
(698, 389, 'Bholaba', NULL),
(699, 390, 'Bholahat', NULL),
(700, 208, 'Bholain (Dakshin)', NULL),
(701, 208, 'Bholain (Uttar)', NULL),
(702, 368, 'Bholakot', NULL),
(703, 30, 'Bhomra', NULL),
(704, 232, 'Bhomradaha', NULL),
(705, 39, 'Bhopara', NULL),
(706, 218, 'Bhotemari', NULL),
(707, 137, 'Bhuapur Paurashava', NULL),
(708, 112, 'Bhubankura', NULL),
(709, 4, 'Bhujpur', NULL),
(710, 323, 'Bhukshimail', NULL),
(711, 155, 'Bhulbaria', NULL),
(712, 387, 'Bhumkhara', NULL),
(713, 144, 'Bhunabir', NULL),
(714, 171, 'Bhurulia', NULL),
(715, 120, 'Bhurungamari', NULL),
(716, 40, 'Bhushan Chhara', NULL),
(717, 391, 'Biaghat', NULL),
(718, 360, 'Bibichini', NULL),
(719, 174, 'Bichhali', NULL),
(720, 318, 'Biddyakut', NULL),
(721, 392, 'Bidyananda', NULL),
(722, 393, 'Bidyanandakati', NULL),
(723, 70, 'Bidyanandapur', NULL),
(724, 168, 'Bihar', NULL),
(725, 387, 'Bijhari', NULL),
(726, 180, 'Bijora', NULL),
(727, 208, 'Bijoypur', NULL),
(728, 19, 'Bilasbari', NULL),
(729, 394, 'Bilaspur', NULL),
(730, 395, 'Bilchalan', NULL),
(731, 112, 'Bildora', NULL),
(732, 136, 'Bilmaria', NULL),
(733, 210, 'Binajuri', NULL),
(734, 187, 'Binauti', NULL),
(735, 346, 'Binnati', NULL),
(736, 184, 'Binodepur', NULL),
(737, 33, 'Binodnagar', NULL),
(738, 119, 'Binodpur', NULL),
(739, 339, 'Binoykati', NULL),
(740, 105, 'Binyabaid', NULL),
(741, 302, 'Bipra Belgharia', NULL),
(742, 235, 'Bipulasar', NULL),
(743, 261, 'Bir Basunda', NULL),
(744, 396, 'Bir Kedar', NULL),
(745, 163, 'Birail Palita', NULL),
(746, 180, 'Biral', NULL),
(747, 98, 'Biralia', NULL),
(748, 311, 'Birasree', NULL),
(749, 318, 'Birgaon', NULL),
(750, 137, 'Birhati', NULL),
(751, 239, 'Birisiri', NULL),
(752, 169, 'Birtara', NULL),
(753, 371, 'Birunia', NULL),
(754, 233, 'Bisarkandi', NULL),
(755, 39, 'Bisha', NULL),
(756, 365, 'Bishalpur', NULL),
(757, 252, 'Bishka', NULL),
(758, 32, 'Bishkakuni', NULL),
(759, 133, 'Bishnandi', NULL),
(760, 397, 'Bishnupur', NULL),
(761, 61, 'Bishwanath', NULL),
(762, 146, 'Bitara', NULL),
(763, 324, 'Biteshwar', NULL),
(764, 318, 'Bitghar (tiara)', NULL),
(765, 248, 'Bitikandi', NULL),
(766, 67, 'Boaldar', NULL),
(767, 153, 'Boali', NULL),
(768, 398, 'Boalia', NULL),
(769, 246, 'Boaljur Bazar', NULL),
(770, 183, 'Boalkhali', NULL),
(771, 399, 'Boalmari', NULL),
(772, 399, 'Boalmari Paurashava', NULL),
(773, 310, 'Boda', NULL),
(774, 26, 'Bogachatar', NULL),
(775, 400, 'Bogra Paurashava', NULL),
(776, 383, 'Bohail', NULL),
(777, 9, 'Bokainagar', NULL),
(778, 401, 'Bolakot', NULL),
(779, 120, 'Boldia', NULL),
(780, 376, 'Bonar Para', NULL),
(781, 274, 'Boragari', NULL),
(782, 182, 'Boranal Eliasabad', NULL),
(783, 53, 'Borar Char', NULL),
(784, 347, 'Borasi', NULL),
(785, 285, 'Bothlagari', NULL),
(786, 286, 'Bougla Bazar', NULL),
(787, 179, 'Boyra', NULL),
(788, 30, 'Brahma Rajpur', NULL),
(789, 402, 'Brahmagachha', NULL),
(790, 323, 'Brahman Bazar', NULL),
(791, 403, 'Brahman Para', NULL),
(792, 340, 'Brahmanbaria Paurashava', NULL),
(793, 133, 'Brahmandi', NULL),
(794, 302, 'Brahmapur', NULL),
(795, 294, 'Bri-lahiribari', NULL),
(796, 118, 'Budbari Bazar', NULL),
(797, 340, 'Budhal', NULL),
(798, 397, 'Budhanti', NULL),
(799, 127, 'Budhhata', NULL),
(800, 271, 'Bukabunia', NULL),
(801, 404, 'Bulakipur', NULL),
(802, 268, 'Bulla', NULL),
(803, 389, 'Bulta', NULL),
(804, 139, 'Bunagati', NULL),
(805, 360, 'Bura Mazumdar', NULL),
(806, 350, 'Buraburi', NULL),
(807, 63, 'Buraich', NULL),
(808, 379, 'Burail', NULL),
(809, 171, 'Buri Goalini', NULL),
(810, 243, 'Burichang', NULL),
(811, 168, 'Buriganj', NULL),
(812, 405, 'Burighat', NULL),
(813, 349, 'Burimari', NULL),
(814, 93, 'Buripota', NULL),
(815, 176, 'Burir Char', NULL),
(816, 408, 'Burirdanga', NULL),
(817, 401, 'Burishwar', NULL),
(818, 126, 'Burumchhara', NULL),
(819, 246, 'Burunga', NULL),
(820, 232, 'Chaitrakul', NULL),
(821, 94, 'Chak Barkat', NULL),
(822, 168, 'Chak Kirti', NULL),
(823, 12, 'Chak Mirpur', NULL),
(824, 177, 'Chak Radha', NULL),
(825, 255, 'Chakamaiya', NULL),
(826, 190, 'Chakaria Paurashava', NULL),
(827, 233, 'Chakhar', NULL),
(828, 392, 'Chakirpashar', NULL),
(829, 359, 'Chakla', NULL),
(830, 89, 'Chaklarhat', NULL),
(831, 409, 'Chakmarkul', NULL),
(832, 410, 'Chakua', NULL),
(833, 179, 'Chala', NULL),
(834, 298, 'Chalak Char', NULL),
(835, 218, 'Chalbala', NULL),
(836, 320, 'Chalibhanga', NULL),
(837, 209, 'Chalishia', NULL),
(838, 104, 'Chalitabunia', NULL),
(839, 411, 'Chalitadanga', NULL),
(840, 113, 'Challisha', NULL),
(841, 238, 'Chalna Paurashava', NULL),
(842, 383, 'Chaluabari', NULL),
(843, 388, 'Chaluahati', NULL),
(844, 412, 'Chamardani', NULL),
(845, 413, 'Chamari', NULL),
(846, 221, 'Chambal', NULL),
(847, 397, 'Champaknagar', NULL),
(848, 218, 'Champaphul', NULL),
(849, 14, 'Champapur', NULL),
(850, 414, 'Chamrul', NULL),
(851, 387, 'Chamta', NULL),
(852, 182, 'Chanchari', NULL),
(853, 307, 'Chanchra', NULL),
(854, 402, 'Chandaikona', NULL),
(855, 383, 'Chandan Baisha', NULL),
(856, 217, 'Chandan Nagar', NULL),
(857, 229, 'Chandanaish Paurashava', NULL),
(858, 298, 'Chandanbari', NULL),
(859, 76, 'Chandani', NULL),
(860, 415, 'Chandanpat', NULL),
(861, 320, 'Chandanpur', NULL),
(862, 385, 'Chandas', NULL),
(863, 161, 'Chandba', NULL),
(864, 142, 'Chander Char', NULL),
(865, 22, 'Chanderkandi', NULL),
(866, 417, 'Chandgaon', NULL),
(867, 216, 'Chandgram', NULL),
(868, 250, 'Chandhar', NULL),
(869, 291, 'Chandi', NULL),
(870, 335, 'Chandi Pasha', NULL),
(871, 174, 'Chandibarpur', NULL),
(872, 239, 'Chandigarh', NULL),
(873, 49, 'Chandighat', NULL),
(874, 156, 'Chandina Paurashava', NULL),
(875, 7, 'Chandipasha', NULL),
(876, 368, 'Chandipur', NULL),
(877, 418, 'Chandkhali', NULL),
(878, 219, 'Chandkhana', NULL),
(879, 403, 'Chandla', NULL),
(880, 407, 'Chandnandi', NULL),
(881, 408, 'Chandpai Range', NULL),
(882, 31, 'Chandpasha', NULL),
(883, 408, 'Chandpi', NULL),
(884, 419, 'Chandpur', NULL),
(885, 145, 'Chandpur Paurashava', NULL),
(886, 145, 'Chandra', NULL),
(887, 347, 'Chandra Dighalia', NULL),
(888, 419, 'Chandra Mohan', NULL),
(889, 282, 'Chandraganj', NULL),
(890, 420, 'Chandraghona', NULL),
(891, 361, 'Chandraghona Kadamtali', NULL),
(892, 281, 'Chandrakona', NULL),
(893, 124, 'Chandrapur', NULL),
(894, 334, 'Chandshi', NULL),
(895, 397, 'Chandura', NULL),
(896, 193, 'Chanduria', NULL),
(897, 136, 'Changdhupail', NULL),
(898, 149, 'Chanhara', NULL),
(899, 421, 'Chaora Bargachha', NULL),
(900, 62, 'Chapai Nababganj Paurashava', NULL),
(901, 153, 'Chapair', NULL),
(902, 401, 'Chapartala', NULL),
(903, 391, 'Chapila', NULL),
(904, 54, 'Chapitala', NULL),
(905, 212, 'Chapra', NULL),
(906, 421, 'Chapra Saramjani', NULL),
(907, 343, 'Chaprashirhat', NULL),
(908, 305, 'Char Abdullah', NULL),
(909, 305, 'Char Alexandar', NULL),
(910, 305, 'Char Algi', NULL),
(911, 374, 'Char Amaddi', NULL),
(912, 422, 'Char Amanullah', NULL),
(913, 62, 'Char Anupnagar', NULL),
(914, 214, 'Char Aomkhaoa', NULL),
(915, 22, 'Char Aralia', NULL),
(916, 341, 'Char Ashariadaha', NULL),
(917, 281, 'Char Ashtadhar', NULL),
(918, 387, 'Char Atra', NULL),
(919, 62, 'Char Bagdanga', NULL),
(920, 296, 'Char Baniari', NULL),
(921, 24, 'Char Banipakuri', NULL),
(922, 419, 'Char Baria', NULL),
(923, 422, 'Char Bata', NULL),
(924, 305, 'Char Bedam', NULL),
(925, 423, 'Char Bhadrasan', NULL),
(926, 140, 'Char Bhaga', NULL),
(927, 424, 'Char Bhairabi', NULL),
(928, 120, 'Char Bhurungamari', NULL),
(929, 191, 'Char Bhuta', NULL),
(930, 52, 'Char Bishnupur', NULL),
(931, 104, 'Char Biswas', NULL),
(932, 140, 'Char Census', NULL),
(933, 99, 'Char Chandia', NULL),
(934, 134, 'Char Chartala', NULL),
(935, 422, 'Char Clerk', NULL),
(936, 99, 'Char Darbesh', NULL),
(937, 72, 'Char Daulat Khan', NULL),
(938, 80, 'Char Dighaldi', NULL),
(939, 425, 'Char Duanti', NULL),
(940, 70, 'Char Ekkaria', NULL),
(941, 342, 'Char Elahi', NULL),
(942, 342, 'Char Fakira', NULL),
(943, 426, 'Char Falcon', NULL),
(944, 335, 'Char Faradi', NULL),
(945, 305, 'Char Gazi', NULL),
(946, 411, 'Char Girish', NULL),
(947, 355, 'Char Goalini', NULL),
(948, 70, 'Char Gopalpur', NULL),
(949, 423, 'Char Harirampur', NULL),
(950, 342, 'Char Hazari', NULL),
(951, 407, 'Char Ishwar', NULL),
(952, 53, 'Char Ishwardia', NULL),
(953, 397, 'Char Islmapur', NULL),
(954, 422, 'Char Jabbar', NULL),
(955, 279, 'Char Janajat', NULL),
(956, 427, 'Char Jasordi', NULL),
(957, 423, 'Char Jhaukanda', NULL),
(958, 422, 'Char Jubille', NULL),
(959, 426, 'Char Kadira', NULL),
(960, 104, 'Char Kajal', NULL),
(961, 342, 'Char Kakra', NULL),
(962, 344, 'Char Kalekhan', NULL),
(963, 426, 'Char Kalkini', NULL),
(964, 3, 'Char Kalmi', NULL),
(965, 20, 'Char Kewar', NULL),
(966, 364, 'Char Khalifa', NULL),
(967, 407, 'Char King', NULL),
(968, 419, 'Char Kowa', NULL),
(969, 3, 'Char Kukri Mukri', NULL),
(970, 140, 'Char Kumaria', NULL),
(971, 149, 'Char Lakshya', NULL),
(972, 426, 'Char Lawrence', NULL),
(973, 66, 'Char Madhabdia', NULL),
(974, 22, 'Char Madhua', NULL),
(975, 3, 'Char Madras', NULL),
(976, 99, 'Char Majlishpur', NULL),
(977, 52, 'Char Manair', NULL),
(978, 298, 'Char Mandalia', NULL),
(979, 3, 'Char Manika', NULL),
(980, 426, 'Char Martin', NULL),
(981, 119, 'Char Matua', NULL),
(982, 272, 'Char Mohana', NULL),
(983, 419, 'Char Monai', NULL),
(984, 104, 'Char Montaz', NULL),
(985, 236, 'Char Mucharia', NULL),
(986, 52, 'Char Nasirpur', NULL),
(987, 53, 'Char Nilakshmia', NULL),
(988, 17, 'Char Pakerdaha', NULL),
(989, 236, 'Char Pakshimari', NULL),
(990, 342, 'Char Parbati', NULL),
(991, 364, 'Char Pata', NULL),
(992, 149, 'Char Patharghata', NULL),
(993, 305, 'Char Poragacha', NULL),
(994, 355, 'Char Putimari', NULL),
(995, 428, 'Char Rajibpur', NULL),
(996, 282, 'Char Ramani Mohan', NULL),
(997, 305, 'Char Ramiz', NULL),
(998, 282, 'Char Ruhita', NULL),
(999, 71, 'Char Samaia', NULL),
(1000, 236, 'Char Sherpur', NULL),
(1001, 71, 'Char Shibpur', NULL),
(1002, 429, 'Char Sindur', NULL),
(1003, 22, 'Char Subuddi', NULL),
(1004, 154, 'Char Tarapur', NULL),
(1005, 105, 'Char Ujilaba', NULL),
(1006, 422, 'Char Wapda', NULL),
(1007, 374, 'Charadi', NULL),
(1008, 421, 'Charaikhola', NULL),
(1009, 21, 'Charamba', NULL),
(1010, 36, 'Charandwip', NULL),
(1011, 97, 'Charati', NULL),
(1012, 381, 'Charghat', NULL),
(1013, 381, 'Charghat Paurashava', NULL),
(1014, 250, 'Charigram', NULL),
(1015, 430, 'Charikata', NULL),
(1016, 12, 'Charkatari', NULL),
(1017, 74, 'Charkhai', NULL),
(1018, 378, 'Charmohalla Union', NULL),
(1019, 380, 'Charnar Char', NULL),
(1020, 103, 'Charol', NULL),
(1021, 282, 'Charsai', NULL),
(1022, 92, 'Chashirhat', NULL),
(1023, 401, 'Chatalpar', NULL),
(1024, 126, 'Chatari', NULL),
(1025, 188, 'Chatkhil Paurashava', NULL),
(1026, 395, 'Chatmohar Paurashava', NULL),
(1027, 232, 'Chatra', NULL),
(1028, 399, 'Chatul', NULL),
(1029, 79, 'Chauddagram', NULL),
(1030, 79, 'Chauddagram Paurashava', NULL),
(1031, 346, 'Chauddasata', NULL),
(1032, 377, 'Chaufaldandi', NULL),
(1033, 431, 'Chaugachha', NULL),
(1034, 431, 'Chaugachha Paurashava', NULL),
(1035, 195, 'Chauganga', NULL),
(1036, 413, 'Chaugram', NULL),
(1037, 111, 'Chauhat', NULL),
(1038, 372, 'Chaukibari', NULL),
(1039, 163, 'Chaulia', NULL),
(1040, 85, 'Chaumohani Paurashava', NULL),
(1041, 150, 'Chehelgazi', NULL),
(1042, 25, 'Chenchri Rampur', NULL),
(1043, 432, 'Chengi', NULL),
(1044, 249, 'Chengmari', NULL),
(1045, 79, 'Cheora', NULL),
(1046, 385, 'Cheragpur', NULL),
(1047, 433, 'Chhagalnaiya Paurashava', NULL),
(1048, 395, 'Chhaikhola', NULL),
(1049, 54, 'Chhaliakandi', NULL),
(1050, 203, 'Chhangachha', NULL),
(1051, 221, 'Chhanua', NULL),
(1052, 125, 'Chhaola', NULL),
(1053, 434, 'Chhaor', NULL),
(1054, 269, 'Chhaparhati', NULL),
(1055, 157, 'Chhatail', NULL),
(1056, 378, 'Chhatak', NULL),
(1057, 378, 'Chhatak Paurashava', NULL),
(1058, 413, 'Chhatar Dighi', NULL),
(1059, 138, 'Chhatarpaia', NULL),
(1060, 13, 'Chhatiain', NULL),
(1061, 91, 'Chhatian', NULL),
(1062, 14, 'Chhatiangram', NULL),
(1063, 435, 'Chhatir Char', NULL),
(1064, 302, 'Chhatni', NULL),
(1065, 85, 'Chhayani', NULL),
(1066, 140, 'Chhaygaon', NULL),
(1067, 436, 'Chhaysuti', NULL),
(1068, 406, 'Chhibatali', NULL),
(1069, 392, 'Chhinai', NULL),
(1070, 151, 'Chhiram', NULL),
(1071, 114, 'Chhota Bagi', NULL),
(1072, 104, 'Chhota Baisdia', NULL),
(1073, 437, 'Chhota Bhakla', NULL),
(1074, 173, 'Chhota Bighai', NULL),
(1075, 306, 'Chhotamohes Khali', NULL),
(1076, 214, 'Chikajani', NULL),
(1077, 406, 'Chikandandi', NULL),
(1078, 124, 'Chikandi', NULL),
(1079, 372, 'Chikashi', NULL),
(1080, 210, 'Chikdair', NULL),
(1081, 430, 'Chiknagul', NULL),
(1082, 104, 'Chiknikandi', NULL),
(1083, 408, 'Chila', NULL),
(1084, 438, 'Chilahati', NULL),
(1085, 215, 'Chilar Char', NULL),
(1086, 48, 'Chilarang', NULL),
(1087, 12, 'Chilmari', NULL),
(1088, 355, 'Chinadulli', NULL),
(1089, 220, 'Chingrakhali', NULL),
(1090, 80, 'Chinishpur', NULL),
(1091, 108, 'Chira Para Parsaturia', NULL),
(1092, 152, 'Chirang', NULL),
(1093, 190, 'Chiringa', NULL),
(1094, 18, 'Chitadda', NULL),
(1095, 124, 'Chitalia', NULL),
(1096, 296, 'Chitalmari', NULL),
(1097, 241, 'Chithalia', NULL),
(1098, 57, 'Chithla', NULL),
(1099, 91, 'Chithulia', NULL),
(1100, 420, 'Chitmaram', NULL),
(1101, 267, 'Chitrakot', NULL),
(1102, 68, 'Chokhyong', NULL),
(1103, 110, 'Chopinagar', NULL),
(1104, 208, 'Chouara', NULL),
(1105, 73, 'Chowdala', NULL),
(1106, 13, 'Chowmohani', NULL),
(1107, 114, 'Chowra', NULL),
(1108, 82, 'Chuadanga Paurashava', NULL),
(1109, 214, 'Chukaibari', NULL),
(1110, 64, 'Chumordi', NULL),
(1111, 37, 'Chunarughat', NULL),
(1112, 37, 'Chunarughat Paurashava', NULL),
(1113, 21, 'Chunati', NULL),
(1114, 166, 'Chunkhola', NULL),
(1115, 130, 'Chunta', NULL),
(1116, 33, 'Churain', NULL),
(1117, 131, 'Churamankati', NULL),
(1118, 208, 'Comilla Dakshin Paurashava', NULL),
(1119, 109, 'Comilla Paurashava', NULL),
(1120, 377, 'Cox\'s Bazar Paurashava', NULL),
(1121, 439, 'Dabar', NULL),
(1122, 210, 'Dabua', NULL),
(1123, 238, 'Dacope', NULL),
(1124, 119, 'Dadpur', NULL),
(1125, 76, 'Dadshi', NULL),
(1126, 440, 'Daganbhuiyan', NULL),
(1127, 440, 'Daganbhuiyan Paurashava', NULL),
(1128, 269, 'Dahabanda', NULL),
(1129, 349, 'Dahagram', NULL),
(1130, 413, 'Dahia', NULL),
(1131, 220, 'Daibagnyahati', NULL),
(1132, 160, 'Daihari', NULL),
(1133, 168, 'Daipukuria', NULL),
(1134, 371, 'Dakatia', NULL),
(1135, 149, 'Dakhin D.bhurshi', NULL),
(1136, 441, 'Dakhsin Nayergaon', NULL),
(1137, 412, 'Dakshin  Sukhairrajapur', NULL),
(1138, 50, 'Dakshin Akhaura', NULL),
(1139, 424, 'Dakshin Algi Durgapur', NULL),
(1140, 442, 'Dakshin Badaghat', NULL),
(1141, 259, 'Dakshin Badal', NULL),
(1142, 443, 'Dakshin Banchharampur', NULL),
(1143, 299, 'Dakshin Banigram', NULL),
(1144, 86, 'Dakshin Bedkashi', NULL),
(1145, 113, 'Dakshin Bishiura', NULL),
(1146, 412, 'Dakshin Bongshikunda', NULL),
(1147, 330, 'Dakshin Dakshinbhagh', NULL),
(1148, 309, 'Dakshin Dhamti', NULL),
(1149, 65, 'Dakshin Dhurung', NULL),
(1150, 71, 'Dakshin Dighaldi', NULL),
(1151, 286, 'Dakshin Dowarabazar', NULL),
(1152, 109, 'Dakshin Durgapur', NULL),
(1153, 324, 'Dakshin Elliotganj', NULL),
(1154, 444, 'Dakshin Faridganj', NULL),
(1155, 240, 'Dakshin Gandharbapur', NULL),
(1156, 444, 'Dakshin Gobindapur', NULL),
(1157, 146, 'Dakshin Gohat', NULL),
(1158, 309, 'Dakshin Gunaighar', NULL),
(1159, 282, 'Dakshin Hamchadi', NULL),
(1160, 378, 'Dakshin Islampur', NULL),
(1161, 235, 'Dakshin Jhalam', NULL),
(1162, 364, 'Dakshin Joynagar', NULL),
(1163, 146, 'Dakshin Kachua', NULL),
(1164, 240, 'Dakshin Kalocho', NULL),
(1165, 445, 'Dakshin Khali Union', NULL),
(1166, 18, 'Dakshin Khosbas', NULL),
(1167, 378, 'Dakshin Khurma', NULL),
(1168, 406, 'Dakshin Madarsha', NULL),
(1169, 204, 'Dakshin Maij Para', NULL),
(1170, 446, 'Dakshin Meher', NULL),
(1171, 409, 'Dakshin Mithachhari', NULL),
(1172, 340, 'Dakshin Natai', NULL),
(1173, 444, 'Dakshin Paik Para', NULL),
(1174, 319, 'Dakshin Paschim Baniyachang', NULL),
(1175, 319, 'Dakshin Purba Baniyachang', NULL),
(1176, 54, 'Dakshin Ramchandrapur', NULL),
(1177, 446, 'Dakshin Roysree', NULL),
(1178, 444, 'Dakshin Rupsa', NULL),
(1179, 447, 'Dakshin Sakuchia', NULL),
(1180, 330, 'Dakshin Shahabajpur', NULL),
(1181, 18, 'Dakshin Shilmuri', NULL),
(1182, 340, 'Dakshin Shuhilpur', NULL),
(1183, 397, 'Dakshin Singerbil', NULL),
(1184, 218, 'Dakshin Sreepur', NULL),
(1185, 446, 'Dakshin Suchi Para', NULL),
(1186, 441, 'Dakshin Upadi', NULL),
(1187, 448, 'Dakshingaon (Part)', NULL),
(1188, 450, 'Dakshinkhan (part)', NULL),
(1189, 452, 'Dakshinkhan (Part)', NULL),
(1190, 253, 'Dakshinpara Union', NULL),
(1191, 104, 'Dakua', NULL),
(1192, 218, 'Dalagram', NULL),
(1193, 282, 'Dalal Bazar', NULL),
(1194, 255, 'Dalbuganj', NULL),
(1195, 390, 'Daldali', NULL),
(1196, 350, 'Daldalia', NULL),
(1197, 152, 'Dalpa', NULL),
(1198, 453, 'Damiha', NULL),
(1199, 314, 'Damkur', NULL),
(1200, 454, 'Damodar', NULL),
(1201, 275, 'Damodarpur', NULL),
(1202, 435, 'Dampara', NULL),
(1203, 455, 'Damudya Paurashava', NULL),
(1204, 456, 'Damurhuda', NULL),
(1205, 346, 'Dana Patali', NULL),
(1206, 438, 'Dandapal', NULL),
(1207, 429, 'Danga', NULL),
(1208, 214, 'Dangdhara', NULL),
(1209, 427, 'Dangi', NULL),
(1210, 95, 'Dangi Para', NULL),
(1211, 276, 'Dantbhanga', NULL),
(1212, 395, 'Danthia Bamangram', NULL),
(1213, 4, 'Dantmara', NULL),
(1214, 207, 'Danya', NULL),
(1215, 321, 'Daoabari', NULL),
(1216, 316, 'Daogaon', NULL),
(1217, 375, 'Dapdapia', NULL),
(1218, 53, 'Dapunia', NULL),
(1219, 256, 'Daragram', NULL),
(1220, 206, 'Darajhat', NULL),
(1221, 102, 'Darbarpur', NULL),
(1222, 457, 'Darbasta', NULL),
(1223, 368, 'Darbeshpur', NULL),
(1224, 70, 'Dari Char Khajuria', NULL),
(1225, 443, 'Dariadaulat', NULL),
(1226, 374, 'Darial', NULL),
(1227, 87, 'Dariapur', NULL),
(1228, 54, 'Darora', NULL),
(1229, 314, 'Darshan Para', NULL),
(1230, 415, 'Darshana', NULL),
(1231, 456, 'Darshana Paurashava', NULL),
(1232, 455, 'Darul Aman', NULL),
(1233, 72, 'Dasar', NULL),
(1234, 61, 'Dasghar', NULL),
(1235, 330, 'Dasher Bazar', NULL),
(1236, 261, 'Dashkia', NULL),
(1237, 75, 'Dashmina', NULL),
(1238, 458, 'Dashuria', NULL),
(1239, 11, 'Daspara', NULL),
(1240, 282, 'Datta Para', NULL),
(1241, 313, 'Datter Bazar', NULL),
(1242, 271, 'Dauatala', NULL),
(1243, 324, 'Daudkandi Paurashava', NULL),
(1244, 107, 'Daudkhali', NULL),
(1245, 389, 'Daudpur', NULL),
(1246, 22, 'Daukar Char', NULL),
(1247, 57, 'Dauki', NULL),
(1248, 437, 'Daulatdia', NULL),
(1249, 4, 'Daulatpur', NULL),
(1250, 324, 'Daulatpur (Purba Panchgachh)', NULL),
(1251, 23, 'Daulkhar', NULL),
(1252, 246, 'Dayamir', NULL),
(1253, 200, 'Dayarampur', NULL),
(1254, 437, 'Debagram', NULL),
(1255, 459, 'Debhata', NULL),
(1256, 438, 'Debidoba', NULL),
(1257, 309, 'Debidwar', NULL),
(1258, 309, 'Debidwar Paurashava', NULL),
(1259, 438, 'Debiganj', NULL),
(1260, 62, 'Debinagar', NULL),
(1261, 48, 'Debipur', NULL),
(1262, 161, 'Debottar', NULL),
(1263, 175, 'Debpara', NULL),
(1264, 66, 'Decreerchar', NULL),
(1265, 31, 'Dehergati', NULL),
(1266, 315, 'Dehunda', NULL),
(1267, 164, 'Delduar', NULL),
(1268, 239, 'Deluabari', NULL),
(1269, 418, 'Deluti', NULL),
(1270, 202, 'Dema', NULL),
(1271, 294, 'Demra', NULL),
(1272, 460, 'Demra (part)', NULL),
(1273, 190, 'Demusia', NULL),
(1274, 15, 'Deoghar', NULL),
(1275, 61, 'Deokalas', NULL),
(1276, 8, 'Deokhola', NULL),
(1277, 164, 'Deoli', NULL),
(1278, 122, 'Deopara', NULL),
(1279, 358, 'Deor', NULL),
(1280, 18, 'Deora', NULL),
(1281, 37, 'Deorgachh', NULL),
(1282, 92, 'Deoti', NULL),
(1283, 380, 'Derai Paurashava', NULL),
(1284, 380, 'Derai Sarmangal', NULL),
(1285, 336, 'Deshigram', NULL),
(1286, 308, 'Deula', NULL),
(1287, 122, 'Deulabari', NULL),
(1288, 168, 'Deuli', NULL),
(1289, 106, 'Deuli Subidkhali', NULL),
(1290, 246, 'Dewan Bazar', NULL),
(1291, 214, 'Dewanganj', NULL),
(1292, 214, 'Dewanganj Paurashava', NULL),
(1293, 168, 'Dhainagar', NULL),
(1294, 118, 'Dhaka Dakshin', NULL),
(1295, 140, 'Dhakhin Tarabunia', NULL),
(1296, 231, 'Dhaki', NULL),
(1297, 89, 'Dhakkamara', NULL),
(1298, 252, 'Dhakua', NULL),
(1299, 388, 'Dhakuria', NULL),
(1300, 3, 'Dhal Char', NULL),
(1301, 453, 'Dhala', NULL),
(1302, 32, 'Dhala Mulgaon', NULL),
(1303, 122, 'Dhala Para', NULL),
(1304, 94, 'Dhalahar', NULL),
(1305, 406, 'Dhalai', NULL),
(1306, 359, 'Dhalar Char', NULL),
(1307, 218, 'Dhalbaria', NULL),
(1308, 149, 'Dhalghat', NULL),
(1309, 306, 'Dhalghata', NULL),
(1310, 206, 'Dhalgram', NULL),
(1311, 1, 'Dhalhara Chandra', NULL),
(1312, 191, 'Dhali Gaurnagar', NULL),
(1313, 258, 'Dhalia', NULL),
(1314, 153, 'Dhaljora', NULL),
(1315, 250, 'Dhalla', NULL),
(1316, 176, 'Dhalua', NULL),
(1317, 402, 'Dhamainagar', NULL),
(1318, 180, 'Dhamair', NULL),
(1319, 167, 'Dhamalia', NULL),
(1320, 277, 'Dhamgar', NULL),
(1321, 54, 'Dhamghar', NULL),
(1322, 34, 'Dhamoirhat', NULL),
(1323, 34, 'Dhamoirhat Paurashava', NULL),
(1324, 84, 'Dhamor', NULL),
(1325, 111, 'Dhamrai', NULL),
(1326, 111, 'Dhamrai Paurashava', NULL),
(1327, 98, 'Dhamsana', NULL),
(1328, 12, 'Dhamsar', NULL),
(1329, 350, 'Dhamserni', NULL),
(1330, 343, 'Dhan Shalik', NULL),
(1331, 343, 'Dhan Siri', NULL),
(1332, 257, 'Dhanbari', NULL),
(1333, 257, 'Dhanbari Paurashava', NULL),
(1334, 461, 'Dhandia', NULL),
(1335, 139, 'Dhaneshwargati', NULL),
(1336, 402, 'Dhangara', NULL),
(1337, 71, 'Dhania', NULL),
(1338, 462, 'Dhania (part)', NULL),
(1339, 100, 'Dhanikhola', NULL),
(1340, 107, 'Dhanisafa', NULL),
(1341, 455, 'Dhankati', NULL),
(1342, 255, 'Dhankhali', NULL),
(1343, 270, 'Dhankhola', NULL),
(1344, 256, 'Dhankora', NULL),
(1345, 195, 'Dhanpur', NULL),
(1346, 445, 'Dhansagar', NULL),
(1347, 464, 'Dhanshail', NULL),
(1348, 103, 'Dhantala', NULL),
(1349, 198, 'Dhanua', NULL),
(1350, 373, 'Dhaoa', NULL),
(1351, 275, 'Dhaperhat', NULL),
(1352, 401, 'Dhar Mandal', NULL),
(1353, 112, 'Dhara', NULL),
(1354, 391, 'Dharabarisha', NULL),
(1355, 216, 'Dharampur', NULL),
(1356, 350, 'Dharanibari', NULL),
(1357, 128, 'Dharanji', NULL),
(1358, 50, 'Dharkhar', NULL),
(1359, 186, 'Dharmagarh', NULL),
(1360, 13, 'Dharmaghar', NULL),
(1361, 247, 'Dharmapal', NULL),
(1362, 412, 'Dharmapasha', NULL),
(1363, 4, 'Dharmapur', NULL),
(1364, 239, 'Dharmapur (Pananagar)', NULL),
(1365, 97, 'Dhemsa', NULL),
(1366, 52, 'Dheukhali', NULL),
(1367, 2, 'Dhipur', NULL),
(1368, 371, 'Dhitpur', NULL),
(1369, 442, 'Dhonpur', NULL),
(1370, 229, 'Dhopachhari', NULL),
(1371, 155, 'Dhopadaha', NULL),
(1372, 269, 'Dhopadanga', NULL),
(1373, 58, 'Dhopakandi', NULL),
(1374, 257, 'Dhopakhali', NULL),
(1375, 352, 'Dhubaria', NULL),
(1376, 402, 'Dhubil', NULL),
(1377, 300, 'Dhukaria Bera', NULL),
(1378, 255, 'Dhulasar', NULL),
(1379, 155, 'Dhulauri', NULL),
(1380, 11, 'Dhulia', NULL),
(1381, 431, 'Dhuliani', NULL),
(1382, 30, 'Dhulihar', NULL),
(1383, 303, 'Dhulkhola', NULL),
(1384, 179, 'Dhulsunra', NULL),
(1385, 333, 'Dhum', NULL),
(1386, 372, 'Dhunat', NULL),
(1387, 372, 'Dhunat Paurashava', NULL),
(1388, 414, 'Dhupchanchia', NULL),
(1389, 414, 'Dhupchanchia Paurashava', NULL),
(1390, 215, 'Dhurail', NULL),
(1391, 4, 'Dhurung', NULL),
(1392, 131, 'Diara', NULL),
(1393, 47, 'Dibar', NULL),
(1394, 122, 'Digalkandi', NULL),
(1395, 122, 'Digar', NULL),
(1396, 140, 'Digar Mahishkhali', NULL),
(1397, 453, 'Digdair', NULL),
(1398, 88, 'Digghapar', NULL),
(1399, 184, 'Digha', NULL),
(1400, 175, 'Dighalbak', NULL),
(1401, 282, 'Dighali', NULL),
(1402, 256, 'Dighalia', NULL),
(1403, 302, 'Dighapatia', NULL),
(1404, 165, 'Dighi', NULL),
(1405, 183, 'Dighinala', NULL),
(1406, 2, 'Dighir Para', NULL),
(1407, 237, 'Dighirpar', NULL),
(1408, 227, 'Dignagar', NULL),
(1409, 293, 'Digpaith', NULL),
(1410, 196, 'Dihi', NULL),
(1411, 147, 'Dil Pasar', NULL),
(1412, 237, 'Dilalpur', NULL),
(1413, 245, 'Dimla', NULL),
(1414, 387, 'Dinga Manik', NULL),
(1415, 465, 'Dirgha', NULL),
(1416, 279, 'Ditiyakhanda', NULL),
(1417, 129, 'Doail', NULL),
(1418, 204, 'Dobaura', NULL),
(1419, 74, 'Dobhag', NULL),
(1420, 234, 'Dochhari', NULL),
(1421, 466, 'Dogachhi', NULL),
(1422, 206, 'Dohakula', NULL),
(1423, 394, 'Dohar Paurashava', NULL),
(1424, 229, 'Dohazari', NULL),
(1425, 156, 'Dollai Nowabab Pur', NULL),
(1426, 274, 'Domar', NULL),
(1427, 124, 'Domsar', NULL),
(1428, 265, 'Dora', NULL),
(1429, 9, 'Dowhakhala', NULL),
(1430, 136, 'Duaria', NULL),
(1431, 288, 'Duaz', NULL),
(1432, 164, 'Dubail', NULL),
(1433, 244, 'Dubalhati', NULL),
(1434, 374, 'Dudhal', NULL),
(1435, 1, 'Dudhsar', NULL),
(1436, 215, 'Dudkhali', NULL),
(1437, 286, 'Duhalia', NULL),
(1438, 190, 'Dulahazara', NULL),
(1439, 35, 'Dulai', NULL),
(1440, 142, 'Dulal Pur', NULL),
(1441, 403, 'Dulalpur', NULL),
(1442, 378, 'Dular Bazar', NULL),
(1443, 316, 'Dulla', NULL),
(1444, 331, 'Dulyatali', NULL),
(1445, 199, 'Dumain', NULL),
(1446, 289, 'Dumdumya', NULL),
(1447, 451, 'Dumni', NULL),
(1448, 138, 'Dumuria', NULL),
(1449, 103, 'Duosuo', NULL),
(1450, 133, 'Duptara', NULL),
(1451, 352, 'Duptiair', NULL),
(1452, 388, 'Durbadanga', NULL),
(1453, 136, 'Durduria', NULL),
(1454, 374, 'Durga Pasha', NULL),
(1455, 253, 'Durgahata', NULL),
(1456, 283, 'Durganagar', NULL),
(1457, 467, 'Durgapasha', NULL),
(1458, 468, 'Durgapur', NULL),
(1459, 239, 'Durgapur Paurashava', NULL),
(1460, 168, 'Durlabhpur', NULL),
(1461, 24, 'Durmut', NULL),
(1462, 172, 'Dwippur', NULL),
(1463, 446, 'East Chitasi', NULL),
(1464, 335, 'Egarasindur', NULL),
(1465, 60, 'Ekarchali', NULL),
(1466, 49, 'Ekatuna', NULL),
(1467, 326, 'Ekdala', NULL),
(1468, 161, 'Ekdanta', NULL),
(1469, 298, 'Ekduaria', NULL),
(1470, 85, 'Eklashpur', NULL),
(1471, 197, 'Eklaspur', NULL),
(1472, 309, 'Elahabad', NULL),
(1473, 265, 'Elangi', NULL),
(1474, 164, 'Elasin', NULL),
(1475, 261, 'Elenga', NULL),
(1476, 195, 'Elongjuri', NULL),
(1477, 55, 'Eluary', NULL),
(1478, 249, 'Emadpur', NULL),
(1479, 72, 'Enayetnagar', NULL),
(1480, 8, 'Enayetpur', NULL),
(1481, 97, 'Eochia', NULL),
(1482, 469, 'Erendabari', NULL),
(1483, 400, 'Erulia', NULL),
(1484, 3, 'Ewajpur', NULL),
(1485, 119, 'Ewazbalia', NULL),
(1486, 395, 'Failjana', NULL),
(1487, 181, 'Faitang', NULL),
(1488, 321, 'Fakir Para', NULL),
(1489, 225, 'Fakirhat', NULL),
(1490, 137, 'Falda', NULL),
(1491, 401, 'Fandauk', NULL),
(1492, 400, 'Fapore', NULL),
(1493, 197, 'Farajikandi', NULL),
(1494, 180, 'Farakkabad', NULL),
(1495, 191, 'Farazganj', NULL),
(1496, 258, 'Farhadnagar', NULL),
(1497, 444, 'Faridganj Paurashava', NULL),
(1498, 374, 'Faridpur', NULL),
(1499, 66, 'Faridpur Paurashava', NULL),
(1500, 353, 'Farua', NULL),
(1501, 190, 'Fasiakhali', NULL),
(1502, 181, 'Fasyakhali', NULL),
(1503, 387, 'Fateh Jangapur', NULL),
(1504, 309, 'Fatehabad', NULL),
(1505, 6, 'Fatehjanapur', NULL),
(1506, 406, 'Fatehpur', NULL),
(1507, 409, 'Fatekharkul', NULL),
(1508, 131, 'Fathehpur', NULL),
(1509, 362, 'Fatik Chhari', NULL),
(1510, 77, 'Fatullah (part)', NULL),
(1511, 164, 'Fazilhati', NULL),
(1512, 258, 'Fazilpur', NULL),
(1513, 469, 'Fazlupur', NULL),
(1514, 351, 'Fenarbak', NULL),
(1515, 472, 'Fenchuganj', NULL),
(1516, 258, 'Feni Paurashava', NULL),
(1517, 200, 'Fhaguradiar', NULL),
(1518, 30, 'Fingri', NULL),
(1519, 406, 'Forhadabad', NULL),
(1520, 363, 'Fukura', NULL),
(1521, 256, 'Fukurhati', NULL),
(1522, 383, 'Fulbari', NULL),
(1523, 153, 'Fulbaria', NULL),
(1524, 8, 'Fulbaria Paurashava', NULL),
(1525, 469, 'Fulchhari', NULL),
(1526, 102, 'Fulgazi', NULL),
(1527, 1, 'Fulhari', NULL),
(1528, 338, 'Fulki', NULL),
(1529, 24, 'Fulkocha', NULL),
(1530, 473, 'Fultala', NULL),
(1531, 466, 'Fursandi', NULL),
(1532, 102, 'G.M.Hat', NULL),
(1533, 339, 'Gabha Ramchandrapur', NULL),
(1534, 339, 'Gabkhan Dhansiri', NULL),
(1535, 137, 'Gabsara', NULL),
(1536, 253, 'Gabtali', NULL),
(1537, 253, 'Gabtali Paurashava', NULL),
(1538, 171, 'Gabura', NULL),
(1539, 327, 'Gachha', NULL),
(1540, 344, 'Gachhua', NULL),
(1541, 418, 'Gadaipur', NULL),
(1542, 290, 'Gadkhali', NULL),
(1543, 313, 'Gaffargaon', NULL),
(1544, 313, 'Gaffargaon Paurashava', NULL),
(1545, 325, 'Gaglajur', NULL),
(1546, 210, 'Gahira', NULL),
(1547, 355, 'Gaibandha', NULL),
(1548, 201, 'Gaila', NULL),
(1549, 284, 'Gainda', NULL),
(1550, 56, 'Gajaghanta', NULL),
(1551, 181, 'Gajalia', NULL),
(1552, 199, 'Gajna', NULL),
(1553, 197, 'Gajra', NULL),
(1554, 179, 'Gala', NULL),
(1555, 104, 'Galachipa', NULL),
(1556, 252, 'Galagaon', NULL),
(1557, 208, 'Galiara', NULL),
(1558, 18, 'Galimpur', NULL),
(1559, 156, 'Gallai (uttar Gallai Union)', NULL),
(1560, 337, 'Galua', NULL),
(1561, 204, 'Gamaritala', NULL),
(1562, 281, 'Ganapaddi', NULL),
(1563, 152, 'Ganda', NULL),
(1564, 411, 'Gandail', NULL),
(1565, 221, 'Gandamara', NULL),
(1566, 370, 'Ganeshpur', NULL),
(1567, 56, 'Gangachara', NULL),
(1568, 7, 'Gangail', NULL),
(1569, 290, 'Ganganandapur', NULL),
(1570, 308, 'Gangapur', NULL),
(1571, 101, 'Gangarampur', NULL),
(1572, 166, 'Gangni', NULL),
(1573, 270, 'Gangni Paurashava', NULL),
(1574, 434, 'Ganguria', NULL),
(1575, 111, 'Gangutia', NULL),
(1576, 172, 'Ganipur', NULL),
(1577, 466, 'Ganna', NULL),
(1578, 348, 'Gaodia', NULL),
(1579, 239, 'Gaokandia', NULL),
(1580, 166, 'Gaola', NULL),
(1581, 357, 'Garadaha', NULL),
(1582, 152, 'Garadoba', NULL),
(1583, 219, 'Garagram', NULL),
(1584, 406, 'Garduara', NULL),
(1585, 48, 'Gareya', NULL),
(1586, 135, 'Gargari', NULL),
(1587, 474, 'Gariber Char', NULL),
(1588, 365, 'Garidaha', NULL),
(1589, 89, 'Garinabari', NULL),
(1590, 409, 'Garjania', NULL),
(1591, 384, 'Garjaripa', NULL),
(1592, 142, 'Garmora', NULL),
(1593, 165, 'Garpara', NULL),
(1594, 418, 'Garuikhali', NULL),
(1595, 374, 'Garuria', NULL),
(1596, 159, 'Gatti', NULL),
(1597, 230, 'Gaurambha', NULL),
(1598, 176, 'Gaurichanna', NULL),
(1599, 393, 'Gaurighona', NULL),
(1600, 155, 'Gaurigram', NULL),
(1601, 373, 'Gauripur', NULL),
(1602, 9, 'Gauripur Paurashava', NULL),
(1603, 245, 'Gayabari', NULL),
(1604, 87, 'Gayeshpur', NULL),
(1605, 352, 'Gayhata', NULL),
(1606, 104, 'Gazalia', NULL),
(1607, 29, 'Gazaria', NULL),
(1608, 424, 'Gazipur', NULL),
(1609, 327, 'Gazipur Paurashava', NULL),
(1610, 112, 'Gazir Bhita', NULL),
(1611, 237, 'Gazir Char', NULL),
(1612, 322, 'Gazir Hat', NULL),
(1613, 423, 'Gazirtek', NULL),
(1614, 175, 'Gaznapur', NULL),
(1615, 95, 'Gedura', NULL),
(1616, 117, 'Ghagar', NULL),
(1617, 194, 'Ghagoa', NULL),
(1618, 329, 'Ghagotia', NULL),
(1619, 362, 'Ghagra', NULL),
(1620, 142, 'Ghagutia', NULL),
(1621, 475, 'Ghalangya', NULL),
(1622, 234, 'Ghandung', NULL),
(1623, 392, 'Gharialdanga', NULL),
(1624, 207, 'Gharinda', NULL),
(1625, 387, 'Gharisar', NULL),
(1626, 213, 'Gharjan', NULL),
(1627, 64, 'Gharua', NULL),
(1628, 242, 'Ghasigram', NULL),
(1629, 122, 'Ghatail', NULL),
(1630, 122, 'Ghatail Paurashava', NULL),
(1631, 42, 'Ghatbhogh', NULL),
(1632, 215, 'Ghatmajhi', NULL),
(1633, 434, 'Ghatnagar', NULL),
(1634, 236, 'Ghazir Khamar', NULL),
(1635, 405, 'Ghila Chhari', NULL),
(1636, 254, 'Ghior', NULL),
(1637, 316, 'Ghoga', NULL),
(1638, 356, 'Ghogadaha', NULL),
(1639, 79, 'Gholpasha', NULL),
(1640, 30, 'Ghona', NULL),
(1641, 293, 'Ghoradhap', NULL),
(1642, 404, 'Ghoraghat', NULL),
(1643, 168, 'Ghorapakhia', NULL),
(1644, 429, 'Ghorashal Paurashava', NULL),
(1645, 466, 'Ghorshal', NULL),
(1646, 343, 'Ghoshbagh', NULL),
(1647, 24, 'Ghosher Para', NULL),
(1648, 204, 'Ghoshgaon', NULL),
(1649, 47, 'Ghoshnagar', NULL),
(1650, 399, 'Ghoshpur', NULL),
(1651, 376, 'Ghuridaha', NULL),
(1652, 402, 'Ghurka', NULL),
(1653, 49, 'Giasnagar', NULL),
(1654, 194, 'Gidari', NULL),
(1655, 472, 'Gilachhara', NULL),
(1656, 41, 'Goala', NULL),
(1657, 437, 'Goalandaghat Paurashava', NULL),
(1658, 473, 'Goalbari', NULL),
(1659, 83, 'Goaldihi', NULL),
(1660, 355, 'Goaler Char', NULL),
(1661, 172, 'Goalkandi', NULL),
(1662, 324, 'Goalmari', NULL),
(1663, 401, 'Goalnagar', NULL),
(1664, 436, 'Gobaria Abdullahpur', NULL),
(1665, 172, 'Gobinda Para', NULL),
(1666, 70, 'Gobindapur', NULL),
(1667, 137, 'Gobindasi', NULL),
(1668, 417, 'Gobindasree', NULL),
(1669, 347, 'Gobra', NULL),
(1670, 62, 'Gobratala', NULL),
(1671, 341, 'Godagari', NULL),
(1672, 341, 'Godagari Paurashava', NULL),
(1673, 321, 'Goddimari', NULL),
(1674, 196, 'Goga', NULL),
(1675, 77, 'Gognagar', NULL),
(1676, 341, 'Gogram', NULL),
(1677, 110, 'Gohail', NULL);
INSERT INTO `unions` (`id`, `upazila_id`, `name`, `name_bn`) VALUES
(1678, 227, 'Gohala', NULL),
(1679, 32, 'Gohalakanda', NULL),
(1680, 390, 'Gohalbari', NULL),
(1681, 261, 'Gohaliabari', NULL),
(1682, 401, 'Gokarna', NULL),
(1683, 400, 'Gokul', NULL),
(1684, 312, 'Gokunda', NULL),
(1685, 369, 'Golabari', NULL),
(1686, 118, 'Golabganj', NULL),
(1687, 389, 'Golakandail', NULL),
(1688, 33, 'Golapganj', NULL),
(1689, 118, 'Golapganj Paurashava', NULL),
(1690, 104, 'Golkhali', NULL),
(1691, 247, 'Golmunda', NULL),
(1692, 247, 'Golna', NULL),
(1693, 73, 'Gomastapur', NULL),
(1694, 274, 'Gomnati', NULL),
(1695, 326, 'Gona', NULL),
(1696, 90, 'Gopagram', NULL),
(1697, 433, 'Gopal', NULL),
(1698, 347, 'Gopalganj Paurashava', NULL),
(1699, 163, 'Gopalgram', NULL),
(1700, 372, 'Gopalnagar', NULL),
(1701, 85, 'Gopalpur', NULL),
(1702, 136, 'Gopalpur (Lalpur) Paurashav', NULL),
(1703, 58, 'Gopalpur Paurashava', NULL),
(1704, 476, 'Gopaya', NULL),
(1705, 231, 'Gopedighi', NULL),
(1706, 187, 'Gopinathpur', NULL),
(1707, 43, 'Gorai', NULL),
(1708, 218, 'Goral', NULL),
(1709, 421, 'Gorgram', NULL),
(1710, 372, 'Gosainbari', NULL),
(1711, 384, 'Gosaipur', NULL),
(1712, 474, 'Gosairhat', NULL),
(1713, 5, 'Gosind Durgapur', NULL),
(1714, 87, 'Gosinga', NULL),
(1715, 202, 'Gota Para', NULL),
(1716, 321, 'Gotamari', NULL),
(1717, 298, 'Gotashia', NULL),
(1718, 246, 'Goula Bazar', NULL),
(1719, 27, 'Gourararang', NULL),
(1720, 281, 'Gourdwar', NULL),
(1721, 66, 'Greda', NULL),
(1722, 303, 'Guabaria', NULL),
(1723, 264, 'Guagachhia', NULL),
(1724, 160, 'Guarekha', NULL),
(1725, 204, 'Guatala', NULL),
(1726, 315, 'Gujadia', NULL),
(1727, 114, 'Gulisakhali', NULL),
(1728, 107, 'Gulishakhali', NULL),
(1729, 26, 'Gulshakhali', NULL),
(1730, 406, 'Guman Mardan', NULL),
(1731, 457, 'Gumaniganj', NULL),
(1732, 115, 'Gumti', NULL),
(1733, 79, 'Gunabati', NULL),
(1734, 414, 'Gunahar', NULL),
(1735, 350, 'Gunaigachh', NULL),
(1736, 395, 'Gunaigachha', NULL),
(1737, 17, 'Gunaritala', NULL),
(1738, 399, 'Gunbaha', NULL),
(1739, 315, 'Gundhar', NULL),
(1740, 401, 'Guniak', NULL),
(1741, 435, 'Gurai', NULL),
(1742, 391, 'Gurudaspur Paurashava', NULL),
(1743, 273, 'Guthia', NULL),
(1744, 167, 'Gutudia', NULL),
(1745, 174, 'Habakhali', NULL),
(1746, 185, 'Habaspur', NULL),
(1747, 158, 'Habibpur', NULL),
(1748, 357, 'Habibulla Nagar', NULL),
(1749, 476, 'Habiganj Paurashava', NULL),
(1750, 149, 'Habilas Dwip', NULL),
(1751, 371, 'Habirbari', NULL),
(1752, 338, 'Habla', NULL),
(1753, 354, 'Habra', NULL),
(1754, 294, 'Hadal', NULL),
(1755, 58, 'Hadira', NULL),
(1756, 89, 'Hafizabad', NULL),
(1757, 131, 'Haibatpur', NULL),
(1758, 149, 'Haidgaon', NULL),
(1759, 126, 'Haildhar', NULL),
(1760, 424, 'Haim Char', NULL),
(1761, 22, 'Hairmara', NULL),
(1762, 333, 'Haitkandi', NULL),
(1763, 133, 'Haizadi', NULL),
(1764, 240, 'Hajiganj', NULL),
(1765, 240, 'Hajiganj Paurashava', NULL),
(1766, 217, 'Hajinagar', NULL),
(1767, 364, 'Hajipur', NULL),
(1768, 282, 'Hajir Para', NULL),
(1769, 290, 'Hajirbagh', NULL),
(1770, 447, 'Hajirhat', NULL),
(1771, 431, 'Hakimpur', NULL),
(1772, 210, 'Haladia', NULL),
(1773, 114, 'Haldia', NULL),
(1774, 477, 'Haldia Palong', NULL),
(1775, 143, 'Haldipur', NULL),
(1776, 466, 'Halidhani', NULL),
(1777, 237, 'Halimpur', NULL),
(1778, 302, 'Halsa', NULL),
(1779, 112, 'Haluaghat', NULL),
(1780, 182, 'Hamidpur', NULL),
(1781, 172, 'Hamir Kutsha', NULL),
(1782, 64, 'Hamirdi', NULL),
(1783, 145, 'Hanar Char', NULL),
(1784, 395, 'Handial', NULL),
(1785, 244, 'Hapania', NULL),
(1786, 478, 'Hapchhari', NULL),
(1787, 479, 'Haragachh', NULL),
(1788, 314, 'Haragram', NULL),
(1789, 88, 'Haramia', NULL),
(1790, 397, 'Harashpur', NULL),
(1791, 312, 'Harati', NULL),
(1792, 190, 'Harbang', NULL),
(1793, 57, 'Hardi', NULL),
(1794, 256, 'Hargaz', NULL),
(1795, 314, 'Harian', NULL),
(1796, 60, 'Hariarkuti', NULL),
(1797, 89, 'Haribhasa', NULL),
(1798, 96, 'Haridasdi Mahendradi', NULL),
(1799, 388, 'Haridaskati', NULL),
(1800, 347, 'Haridaspur', NULL),
(1801, 415, 'Haridebpur', NULL),
(1802, 418, 'Haridhali', NULL),
(1803, 388, 'Hariharnagar', NULL),
(1804, 382, 'Harinakunda Paurashava', NULL),
(1805, 5, 'Harinarayanpur', NULL),
(1806, 303, 'Harinathpur', NULL),
(1807, 274, 'Harinchara', NULL),
(1808, 401, 'Haripur', NULL),
(1809, 100, 'Harirampur', NULL),
(1810, 480, 'Harirampur (Part)', NULL),
(1811, 466, 'Harishankarpur', NULL),
(1812, 88, 'Harispur', NULL),
(1813, 407, 'Harni', NULL),
(1814, 273, 'Harta', NULL),
(1815, 179, 'Harukandi', NULL),
(1816, 4, 'Harwalchhari', NULL),
(1817, 2, 'Hasail Banari', NULL),
(1818, 169, 'Hasara', NULL),
(1819, 244, 'Hashaighari', NULL),
(1820, 229, 'Hashimpur', NULL),
(1821, 235, 'Hasnabad', NULL),
(1822, 308, 'Hassan Nagar', NULL),
(1823, 383, 'Hat Sherpur', NULL),
(1824, 5, 'Hatas Haripur', NULL),
(1825, 214, 'Hatebhanga', NULL),
(1826, 406, 'Hathazari', NULL),
(1827, 165, 'Hati Para', NULL),
(1828, 350, 'Hatia', NULL),
(1829, 413, 'Hatiandaha', NULL),
(1830, 363, 'Hatiara', NULL),
(1831, 224, 'Hatibandha', NULL),
(1832, 464, 'Hatibandha Malijhikanda', NULL),
(1833, 283, 'Hatikumrul', NULL),
(1834, 240, 'Hatila Purba', NULL),
(1835, 407, 'Hatiya Paurashava', NULL),
(1836, 39, 'Hatkalu Para', NULL),
(1837, 35, 'Hatkhali', NULL),
(1838, 481, 'Hatkhola', NULL),
(1839, 188, 'Hatpukuria Ghatlabag', NULL),
(1840, 385, 'Hatur', NULL),
(1841, 359, 'Haturia Nakalia', NULL),
(1842, 3, 'Hazariganj', NULL),
(1843, 163, 'Hazipur', NULL),
(1844, 438, 'Hazradanga', NULL),
(1845, 163, 'Hazrapur', NULL),
(1846, 28, 'Hazratpur', NULL),
(1847, 416, 'Helatala', NULL),
(1848, 154, 'Hemayetpur', NULL),
(1849, 58, 'Hemnagar', NULL),
(1850, 23, 'Hesakhal', NULL),
(1851, 237, 'Hilachia', NULL),
(1852, 333, 'Hinguli', NULL),
(1853, 117, 'Hiran', NULL),
(1854, 296, 'Hizla', NULL),
(1855, 303, 'Hizla Gaurabdi', NULL),
(1856, 306, 'Hoanak', NULL),
(1857, 12, 'Hogalbaria', NULL),
(1858, 32, 'Hogla', NULL),
(1859, 220, 'Hogla Pasha', NULL),
(1860, 220, 'Hoglabunia', NULL),
(1861, 356, 'Holokhana', NULL),
(1862, 142, 'Homna Paurashava', NULL),
(1863, 142, 'Homna Union', NULL),
(1864, 335, 'Hosendi', NULL),
(1865, 360, 'Hosnabad', NULL),
(1866, 186, 'Hossain Gaon', NULL),
(1867, 264, 'Hossaindi', NULL),
(1868, 96, 'Hossainpur', NULL),
(1869, 132, 'Hossainpur Paurashava', NULL),
(1870, 456, 'Howli', NULL),
(1871, 207, 'Hugra', NULL),
(1872, 314, 'Hujuri Para', NULL),
(1873, 237, 'Humaipur', NULL),
(1874, 230, 'Hurka', NULL),
(1875, 318, 'Ibrahimpur', NULL),
(1876, 333, 'Ichhakhali', NULL),
(1877, 131, 'Ichhali', NULL),
(1878, 368, 'Ichhapur', NULL),
(1879, 377, 'Idgaon', NULL),
(1880, 409, 'Idgar', NULL),
(1881, 474, 'Idilpur', NULL),
(1882, 373, 'Ikri', NULL),
(1883, 71, 'Illisha', NULL),
(1884, 233, 'Iluhar', NULL),
(1885, 264, 'Imampur', NULL),
(1886, 175, 'Inathganj', NULL),
(1887, 309, 'Isab Pur', NULL),
(1888, 34, 'Isabpur', NULL),
(1889, 342, 'Ishakalas', NULL),
(1890, 66, 'Ishan Gopalpur', NULL),
(1891, 157, 'Ishania', NULL),
(1892, 136, 'Ishwardi', NULL),
(1893, 458, 'Ishwardi Paurashava', NULL),
(1894, 162, 'Ishwarganj', NULL),
(1895, 162, 'Ishwarganj Paurashava', NULL),
(1896, 171, 'Ishwaripur', NULL),
(1897, 96, 'Isibpur', NULL),
(1898, 455, 'Islam Pur', NULL),
(1899, 197, 'Islamabad', NULL),
(1900, 461, 'Islamkati', NULL),
(1901, 361, 'Islampur', NULL),
(1902, 342, 'Islampur Paschim', NULL),
(1903, 355, 'Islampur Paurashava', NULL),
(1904, 342, 'Islampur Purba', NULL),
(1905, 173, 'Itabaria', NULL),
(1906, 293, 'Itail', NULL),
(1907, 421, 'Itakhola', NULL),
(1908, 125, 'Itakumari', NULL),
(1909, 413, 'Italy', NULL),
(1910, 195, 'Itna', NULL),
(1911, 232, 'Jabarhat', NULL),
(1912, 111, 'Jadabpur', NULL),
(1913, 212, 'Jadu Boyra', NULL),
(1914, 159, 'Jadunandi', NULL),
(1915, 276, 'Jadur Char', NULL),
(1916, 315, 'Jafarabad', NULL),
(1917, 309, 'Jafarganj', NULL),
(1918, 4, 'Jafarnagar', NULL),
(1919, 380, 'Jagaddal', NULL),
(1920, 431, 'Jagadishpur', NULL),
(1921, 79, 'Jagannath Dighi', NULL),
(1922, 109, 'Jagannathpur', NULL),
(1923, 143, 'Jagannathpur Paurashava', NULL),
(1924, 349, 'Jagatber', NULL),
(1925, 5, 'Jagati', NULL),
(1926, 248, 'Jagatpur', NULL),
(1927, 163, 'Jagdal', NULL),
(1928, 419, 'Jagua', NULL),
(1929, 407, 'Jahajmara', NULL),
(1930, 242, 'Jahanabad', NULL),
(1931, 27, 'Jahangirnagar', NULL),
(1932, 7, 'Jahangirpur', NULL),
(1933, 3, 'Jahanpur', NULL),
(1934, 54, 'Jahapur', NULL),
(1935, 206, 'Jaharpur', NULL),
(1936, 197, 'Jahirabad', NULL),
(1937, 473, 'Jaifarnagar', NULL),
(1938, 165, 'Jaigir', NULL),
(1939, 440, 'Jailashkara', NULL),
(1940, 173, 'Jainkati', NULL),
(1941, 267, 'Jainsar', NULL),
(1942, 430, 'Jaintapur', NULL),
(1943, 160, 'Jalabari', NULL),
(1944, 377, 'Jalalabad', NULL),
(1945, 10, 'Jalalpur', NULL),
(1946, 18, 'Jalam', NULL),
(1947, 477, 'Jalia Palong', NULL),
(1948, 227, 'Jalirpar', NULL),
(1949, 273, 'Jalla', NULL),
(1950, 416, 'Jallabad', NULL),
(1951, 101, 'Jalma', NULL),
(1952, 45, 'Jalsuka', NULL),
(1953, 218, 'Jamal', NULL),
(1954, 351, 'Jamalganj', NULL),
(1955, 218, 'Jamalpur', NULL),
(1956, 293, 'Jamalpur Paurashava', NULL),
(1957, 390, 'Jambaria', NULL),
(1958, 206, 'Jamdia', NULL),
(1959, 396, 'Jamgaon', NULL),
(1960, 454, 'Jamira', NULL),
(1961, 250, 'Jamirta', NULL),
(1962, 57, 'Jamjami', NULL),
(1963, 200, 'Jamnagar', NULL),
(1964, 228, 'Jampur', NULL),
(1965, 250, 'Jamsha', NULL),
(1966, 367, 'Jamtail', NULL),
(1967, 122, 'Jamuria', NULL),
(1968, 43, 'Jamurki', NULL),
(1969, 223, 'Jangal', NULL),
(1970, 70, 'Jangalia', NULL),
(1971, 149, 'Janglukhain', NULL),
(1972, 90, 'Janipur', NULL),
(1973, 33, 'Jantrail', NULL),
(1974, 387, 'Japsa', NULL),
(1975, 435, 'Jaraitala', NULL),
(1976, 32, 'Jaria', NULL),
(1977, 185, 'Jashai', NULL),
(1978, 2, 'Jashalong', NULL),
(1979, 346, 'Jasodal', NULL),
(1980, 162, 'Jatia', NULL),
(1981, 54, 'Jatrapur', NULL),
(1982, 359, 'Jatsakhni', NULL),
(1983, 453, 'Jawar', NULL),
(1984, 378, 'Jawar Bazar', NULL),
(1985, 92, 'Jayag', NULL),
(1986, 90, 'Jayanti Hajra', NULL),
(1987, 57, 'Jehala', NULL),
(1988, 280, 'Jeopara', NULL),
(1989, 313, 'Jessora', NULL),
(1990, 131, 'Jessore Paurashava', NULL),
(1991, 310, 'Jhalaishalsiri', NULL),
(1992, 239, 'Jhaluka', NULL),
(1993, 388, 'Jhanpa', NULL),
(1994, 30, 'Jhaudanga', NULL),
(1995, 215, 'Jhaudi', NULL),
(1996, 5, 'Jhaudia', NULL),
(1997, 24, 'Jhaugara', NULL),
(1998, 58, 'Jhawail', NULL),
(1999, 466, 'Jhenaidah Paurashava', NULL),
(2000, 464, 'Jhenaigati', NULL),
(2001, 290, 'Jhikargachha', NULL),
(2002, 290, 'Jhikargachha Paurashava', NULL),
(2003, 172, 'Jhikra', NULL),
(2004, 62, 'Jhilim', NULL),
(2005, 377, 'Jhilwanja', NULL),
(2006, 299, 'Jhingrabari', NULL),
(2007, 245, 'Jhunagachh Chapani', NULL),
(2008, 5, 'Jiarakhi', NULL),
(2009, 248, 'Jiarkandi', NULL),
(2010, 121, 'Jiban Nagar Paurashava', NULL),
(2011, 266, 'Jibtali', NULL),
(2012, 429, 'Jinardi', NULL),
(2013, 132, 'Jinari', NULL),
(2014, 324, 'Jinglatali', NULL),
(2015, 3, 'Jinnaghar', NULL),
(2016, 149, 'Jiri', NULL),
(2017, 85, 'Jirtali', NULL),
(2018, 220, 'Jiudhara', NULL),
(2019, 12, 'Jiyanpur', NULL),
(2020, 229, 'Joara', NULL),
(2021, 291, 'Joari', NULL),
(2022, 409, 'Joarianala', NULL),
(2023, 23, 'Jodda', NULL),
(2024, 205, 'Jogania', NULL),
(2025, 172, 'Jogi Para', NULL),
(2026, 416, 'Jogikhali', NULL),
(2027, 291, 'Jonail', NULL),
(2028, 349, 'Jongra', NULL),
(2029, 274, 'Jorabari', NULL),
(2030, 382, 'Joradaha', NULL),
(2031, 17, 'Jorekhali', NULL),
(2032, 263, 'Jorgachha', NULL),
(2033, 177, 'Josar', NULL),
(2034, 358, 'Jotbani', NULL),
(2035, 250, 'Joy Mantap', NULL),
(2036, 195, 'Joy Siddhi', NULL),
(2037, 156, 'Joyag (dakshin Bara Karai)', NULL),
(2038, 323, 'Joychandi', NULL),
(2039, 315, 'Joyka', NULL),
(2040, 467, 'Joykalas', NULL),
(2041, 33, 'Joykrishnapur', NULL),
(2042, 120, 'Joymanirhat', NULL),
(2043, 177, 'Joynagar', NULL),
(2044, 142, 'Joypur', NULL),
(2045, 94, 'Joypurhat Paurashava', NULL),
(2046, 412, 'Joysree', NULL),
(2047, 345, 'Juggachhala', NULL),
(2048, 170, 'Jugipole', NULL),
(2049, 112, 'Jugli', NULL),
(2050, 126, 'Juidandi', NULL),
(2051, 149, 'Juldha', NULL),
(2052, 376, 'Jummerbari', NULL),
(2053, 318, 'Junedpur', NULL),
(2054, 216, 'Juniadaha', NULL),
(2055, 289, 'Jurai Chhari', NULL),
(2056, 456, 'Juranpur', NULL),
(2057, 374, 'Kabai', NULL),
(2058, 183, 'Kabakhali', NULL),
(2059, 138, 'Kabilpur', NULL),
(2060, 96, 'Kabirajpur', NULL),
(2061, 343, 'Kabirhat Paurashava', NULL),
(2062, 262, 'Kachakata', NULL),
(2063, 409, 'Kachhapia', NULL),
(2064, 172, 'Kachhari Kayali Para', NULL),
(2065, 71, 'Kachia', NULL),
(2066, 140, 'Kachikata', NULL),
(2067, 371, 'Kachina', NULL),
(2068, 228, 'Kachpur', NULL),
(2069, 146, 'Kachua', NULL),
(2070, 146, 'Kachua Paurashava', NULL),
(2071, 149, 'Kachuai', NULL),
(2072, 421, 'Kachukata', NULL),
(2073, 127, 'Kadakati', NULL),
(2074, 210, 'Kadalpur', NULL),
(2075, 136, 'Kadam Chilan', NULL),
(2076, 277, 'Kadam Rasul Paurashava', NULL),
(2077, 96, 'Kadambari', NULL),
(2078, 468, 'Kadamtala', NULL),
(2079, 119, 'Kadir Hanif', NULL),
(2080, 315, 'Kadir Jangal', NULL),
(2081, 87, 'Kadir Para', NULL),
(2082, 85, 'Kadirpur', NULL),
(2083, 146, 'Kadla', NULL),
(2084, 138, 'Kadra', NULL),
(2085, 249, 'Kafrikhal', NULL),
(2086, 302, 'Kafuria', NULL),
(2087, 253, 'Kagail', NULL),
(2088, 319, 'Kagapasha', NULL),
(2089, 396, 'Kahaloo', NULL),
(2090, 396, 'Kahaloo Paurashava', NULL),
(2091, 190, 'Kaiarbil', NULL),
(2092, 427, 'Kaichail', NULL),
(2093, 112, 'Kaichapur', NULL),
(2094, 66, 'Kaijuri', NULL),
(2095, 171, 'Kaikhali', NULL),
(2096, 125, 'Kaikuri', NULL),
(2097, 416, 'Kaila', NULL),
(2098, 237, 'Kailag', NULL),
(2099, 33, 'Kailail', NULL),
(2100, 238, 'Kailasganj', NULL),
(2101, 304, 'Kailati', NULL),
(2102, 247, 'Kaimari', NULL),
(2103, 187, 'Kaimpur', NULL),
(2104, 417, 'Kaitail', NULL),
(2105, 318, 'Kaitala Dakshin', NULL),
(2106, 318, 'Kaitala Uttar', NULL),
(2107, 65, 'Kaiyarbil', NULL),
(2108, 310, 'Kajal Dighi Kaliganj', NULL),
(2109, 311, 'Kajalshar', NULL),
(2110, 347, 'Kajulia', NULL),
(2111, 45, 'Kakailseo', NULL),
(2112, 239, 'Kakairgara', NULL),
(2113, 341, 'Kakanhat Paurashava', NULL),
(2114, 205, 'Kakarkandi', NULL),
(2115, 425, 'Kakchira', NULL),
(2116, 190, 'Kakhara', NULL),
(2117, 384, 'Kakilakura', NULL),
(2118, 218, 'Kakina', NULL),
(2119, 252, 'Kakni', NULL),
(2120, 224, 'Kakrajan', NULL),
(2121, 207, 'Kakua', NULL),
(2122, 248, 'Kala Kandi', NULL),
(2123, 133, 'Kala Paharia', NULL),
(2124, 117, 'Kalabari', NULL),
(2125, 182, 'Kalabaria', NULL),
(2126, 8, 'Kaladaha', NULL),
(2127, 119, 'Kaladaraf', NULL),
(2128, 277, 'Kalagachhia', NULL),
(2129, 396, 'Kalai Majh Para', NULL),
(2130, 38, 'Kalai Paurashava', NULL),
(2131, 175, 'Kalair Banga', NULL),
(2132, 11, 'Kalaiya', NULL),
(2133, 197, 'Kalakanda', NULL),
(2134, 468, 'Kalakhali', NULL),
(2135, 33, 'Kalakopa', NULL),
(2136, 413, 'Kalam', NULL),
(2137, 362, 'Kalampati', NULL),
(2138, 64, 'Kalamridha', NULL),
(2139, 26, 'Kalapakurjya', NULL),
(2140, 88, 'Kalapania', NULL),
(2141, 144, 'Kalapur', NULL),
(2142, 306, 'Kalarmarchhara', NULL),
(2143, 416, 'Kalaroa Paurashava', NULL),
(2144, 378, 'Kalaruka', NULL),
(2145, 374, 'Kalaskati', NULL),
(2146, 205, 'Kalaspur', NULL),
(2147, 296, 'Kalatala', NULL),
(2148, 28, 'Kalatia', NULL),
(2149, 21, 'Kalauzan', NULL),
(2150, 372, 'Kaler Para', NULL),
(2151, 12, 'Kalia', NULL),
(2152, 203, 'Kalia Haripur', NULL),
(2153, 182, 'Kalia Paurashava', NULL),
(2154, 97, 'Kaliais', NULL),
(2155, 153, 'Kaliakair Paurashava', NULL),
(2156, 113, 'Kaliara Gabragat', NULL),
(2157, 466, 'Kalicharanpur', NULL),
(2158, 258, 'Kalidah', NULL),
(2159, 57, 'Kalidashpur', NULL),
(2160, 218, 'Kaliganj', NULL),
(2161, 218, 'Kaliganj Paurashava', NULL),
(2162, 144, 'Kalighat', NULL),
(2163, 326, 'Kaligram', NULL),
(2164, 261, 'Kalihati Paurashava', NULL),
(2165, 29, 'Kalika Prasad', NULL),
(2166, 130, 'Kalikachchha', NULL),
(2167, 173, 'Kalikapur', NULL),
(2168, 185, 'Kalimahar', NULL),
(2169, 28, 'Kalindi', NULL),
(2170, 221, 'Kalipur', NULL),
(2171, 109, 'Kalir Bazar (Dakshin)', NULL),
(2172, 109, 'Kalir Bazar (Uttar)', NULL),
(2173, 11, 'Kalisuri', NULL),
(2174, 143, 'Kalkalia', NULL),
(2175, 72, 'Kalkini Paurashava', NULL),
(2176, 191, 'Kalma', NULL),
(2177, 304, 'Kalmakanda', NULL),
(2178, 425, 'Kalmegha', NULL),
(2179, 174, 'Kalora', NULL),
(2180, 125, 'Kalyani', NULL),
(2181, 104, 'Kalyankalas', NULL),
(2182, 145, 'Kalyanpur', NULL),
(2183, 366, 'Kamalabari', NULL),
(2184, 173, 'Kamalapur', NULL),
(2185, 369, 'Kamalchhari', NULL),
(2186, 376, 'Kamaler Para', NULL),
(2187, 16, 'Kamalganj', NULL),
(2188, 16, 'Kamalganj Paurashava', NULL),
(2189, 383, 'Kamalpur', NULL),
(2190, 471, 'Kamar Chak', NULL),
(2191, 285, 'Kamar Pukur', NULL),
(2192, 457, 'Kamardaha', NULL),
(2193, 236, 'Kamarer Char', NULL),
(2194, 252, 'Kamargaon', NULL),
(2195, 252, 'Kamaria', NULL),
(2196, 194, 'Kamarjani', NULL),
(2197, 199, 'Kamarkhali', NULL),
(2198, 2, 'Kamarkhara', NULL),
(2199, 238, 'Kamarkhola', NULL),
(2200, 89, 'Kamat Kajal Dighi', NULL),
(2201, 457, 'Kamdia', NULL),
(2202, 129, 'Kamrabad', NULL),
(2203, 299, 'Kanaighat', NULL),
(2204, 299, 'Kanaighat Paurashava', NULL),
(2205, 66, 'Kanaipur', NULL),
(2206, 11, 'Kanakdia', NULL),
(2207, 49, 'Kanakpur', NULL),
(2208, 348, 'Kanaksar', NULL),
(2209, 54, 'Kanalla', NULL),
(2210, 4, 'Kanchan Nagar', NULL),
(2211, 389, 'Kanchan Paurashava', NULL),
(2212, 97, 'Kanchana', NULL),
(2213, 229, 'Kanchanabad', NULL),
(2214, 368, 'Kanchanpur', NULL),
(2215, 1, 'Kancherkol', NULL),
(2216, 11, 'Kanchi Para', NULL),
(2217, 269, 'Kanchibari', NULL),
(2218, 298, 'Kanchikata', NULL),
(2219, 36, 'Kandhurkhil', NULL),
(2220, 117, 'Kandi', NULL),
(2221, 481, 'Kandigaon', NULL),
(2222, 44, 'Kandirpar', NULL),
(2223, 152, 'Kandiura', NULL),
(2224, 455, 'Kaneshwar', NULL),
(2225, 353, 'Kangara Chhari', NULL),
(2226, 464, 'Kangsha', NULL),
(2227, 100, 'Kanihari', NULL),
(2228, 79, 'Kankapait', NULL),
(2229, 168, 'Kansat', NULL),
(2230, 370, 'Kanso Para', NULL),
(2231, 100, 'Kanthal', NULL),
(2232, 279, 'Kanthalbari', NULL),
(2233, 247, 'Kanthali', NULL),
(2234, 25, 'Kanthalia', NULL),
(2235, 425, 'Kanthaltali', NULL),
(2236, 203, 'Kaoakola', NULL),
(2237, 338, 'Kaoaljani', NULL),
(2238, 64, 'Kaolibera', NULL),
(2239, 87, 'Kaoraid', NULL),
(2240, 456, 'Kapasadanga', NULL),
(2241, 382, 'Kapashati', NULL),
(2242, 329, 'Kapasia', NULL),
(2243, 418, 'Kapilmuni', NULL),
(2244, 420, 'Kaptai', NULL),
(2245, 202, 'Kara Para', NULL),
(2246, 268, 'Karab', NULL),
(2247, 106, 'Karabunia', NULL),
(2248, 146, 'Karaia', NULL),
(2249, 114, 'Karaibaria', NULL),
(2250, 17, 'Karaichara', NULL),
(2251, 155, 'Karanja', NULL),
(2252, 207, 'Karatia', NULL),
(2253, 333, 'Karerhat', NULL),
(2254, 10, 'Kargaon', NULL),
(2255, 329, 'Karihata', NULL),
(2256, 248, 'Karikandi', NULL),
(2257, 315, 'Karimganj Paurashava', NULL),
(2258, 80, 'Karimpur', NULL),
(2259, 323, 'Karmadha', NULL),
(2260, 383, 'Karnibari', NULL),
(2261, 368, 'Karpara', NULL),
(2262, 435, 'Karpasha', NULL),
(2263, 227, 'Kasalia', NULL),
(2264, 187, 'Kasba', NULL),
(2265, 185, 'Kasba Majhail', NULL),
(2266, 187, 'Kasba Paurashava', NULL),
(2267, 370, 'Kashab', NULL),
(2268, 363, 'Kashiani', NULL),
(2269, 338, 'Kashil', NULL),
(2270, 171, 'Kashimari', NULL),
(2271, 388, 'Kashimnagar', NULL),
(2272, 327, 'Kashimpur', NULL),
(2273, 79, 'Kashinagar', NULL),
(2274, 155, 'Kashinathpur', NULL),
(2275, 419, 'Kashipur', NULL),
(2276, 218, 'Kashtabhanga', NULL),
(2277, 149, 'Kasiais', NULL),
(2278, 15, 'Kastail', NULL),
(2279, 163, 'Kasundi', NULL),
(2280, 457, 'Katabari', NULL),
(2281, 333, 'Katachhara', NULL),
(2282, 27, 'Katair', NULL),
(2283, 314, 'Katakhali Paurashava', NULL),
(2284, 2, 'Kathadia Shimulia', NULL),
(2285, 221, 'Katharia', NULL),
(2286, 270, 'Kathuli', NULL),
(2287, 347, 'Kati', NULL),
(2288, 10, 'Katiadi', NULL),
(2289, 10, 'Katiadi Paurashava', NULL),
(2290, 358, 'Katla', NULL),
(2291, 207, 'Katuli', NULL),
(2292, 409, 'Kauarkhop', NULL),
(2293, 98, 'Kaundia', NULL),
(2294, 479, 'Kaunia Bala Para', NULL),
(2295, 108, 'Kawkhali', NULL),
(2296, 212, 'Kaya', NULL),
(2297, 267, 'Kayain', NULL),
(2298, 327, 'Kayaltia', NULL),
(2299, 482, 'Kayangghat', NULL),
(2300, 72, 'Kayaria', NULL),
(2301, 196, 'Kayba', NULL),
(2302, 357, 'Kayempur', NULL),
(2303, 389, 'Kayet Para', NULL),
(2304, 72, 'Kazibakai', NULL),
(2305, 55, 'Kazihal', NULL),
(2306, 270, 'Kazipur', NULL),
(2307, 411, 'Kazipur Paurashava', NULL),
(2308, 344, 'Kazir Char', NULL),
(2309, 360, 'Kazirabad', NULL),
(2310, 258, 'Kazirbag', NULL),
(2311, 178, 'Kazirber', NULL),
(2312, 383, 'Kazla', NULL),
(2313, 262, 'Kedar', NULL),
(2314, 116, 'Kedarmara', NULL),
(2315, 31, 'Kedarpur', NULL),
(2316, 149, 'Kelishahar', NULL),
(2317, 215, 'Kendua', NULL),
(2318, 152, 'Kendua Paurashava', NULL),
(2319, 97, 'Keochia', NULL),
(2320, 339, 'Keora', NULL),
(2321, 176, 'Keorabunia', NULL),
(2322, 231, 'Keorjori', NULL),
(2323, 416, 'Keragachhi', NULL),
(2324, 416, 'Keralkata', NULL),
(2325, 156, 'Keran Khal', NULL),
(2326, 272, 'Keroa', NULL),
(2327, 11, 'Keshabpur', NULL),
(2328, 393, 'Keshabpur Paurashava', NULL),
(2329, 242, 'Kesharhat Paurashava', NULL),
(2330, 138, 'Kesharpar', NULL),
(2331, 274, 'Ketkibari', NULL),
(2332, 441, 'Khadergaon', NULL),
(2333, 481, 'Khadim Para', NULL),
(2334, 481, 'Khadimnagar', NULL),
(2335, 57, 'Khadimpur', NULL),
(2336, 133, 'Khagakanda', NULL),
(2337, 97, 'Khagaria', NULL),
(2338, 319, 'Khagaura', NULL),
(2339, 53, 'Khagdahar', NULL),
(2340, 369, 'Khagrachhari', NULL),
(2341, 369, 'Khagrachhari Paurashava', NULL),
(2342, 333, 'Khaiyachhara', NULL),
(2343, 127, 'Khajra', NULL),
(2344, 385, 'Khajur', NULL),
(2345, 302, 'Khajuria', NULL),
(2346, 56, 'Khaleya', NULL),
(2347, 96, 'Khalia', NULL),
(2348, 410, 'Khaliajuri', NULL),
(2349, 461, 'Khalilnagar', NULL),
(2350, 49, 'Khalilpur', NULL),
(2351, 245, 'Khalisa Chapani', NULL),
(2352, 12, 'Khalishakundi', NULL),
(2353, 32, 'Khalishaur', NULL),
(2354, 461, 'Khalishkhali', NULL),
(2355, 12, 'Khalsi', NULL),
(2356, 83, 'Khamar Para', NULL),
(2357, 365, 'Khamarkandi', NULL),
(2358, 147, 'Khan Marich', NULL),
(2359, 227, 'Khandarpar', NULL),
(2360, 76, 'Khanganj', NULL),
(2361, 232, 'Khangaon', NULL),
(2362, 334, 'Khanjapur', NULL),
(2363, 221, 'Khankhanabad', NULL),
(2364, 76, 'Khankhanapur', NULL),
(2365, 202, 'Khanpur', NULL),
(2366, 255, 'Khaprabhanga', NULL),
(2367, 149, 'Kharana', NULL),
(2368, 384, 'Kharia Kazir Char', NULL),
(2369, 110, 'Kharna', NULL),
(2370, 304, 'Kharnai', NULL),
(2371, 167, 'Kharnia', NULL),
(2372, 7, 'Kharua', NULL),
(2373, 311, 'Khas Kanakpur', NULL),
(2374, 213, 'Khas Kaulia', NULL),
(2375, 213, 'Khas Pukuria', NULL),
(2376, 411, 'Khas Rajbari', NULL),
(2377, 182, 'Khasial', NULL),
(2378, 57, 'Khaskara', NULL),
(2379, 285, 'Khata Madhupur', NULL),
(2380, 231, 'Khatkhal', NULL),
(2381, 67, 'Khatta Madhab Para', NULL),
(2382, 155, 'Khatu Para', NULL),
(2383, 55, 'Khayerbari', NULL),
(2384, 15, 'Khayerpur Abdullahpur', NULL),
(2385, 61, 'Khazanchigaon', NULL),
(2386, 388, 'Kheda Para', NULL),
(2387, 34, 'Khelna', NULL),
(2388, 187, 'Kherera', NULL),
(2389, 316, 'Kheruajani', NULL),
(2390, 461, 'Khesra', NULL),
(2391, 59, 'Khetlal', NULL),
(2392, 348, 'Khidir Para', NULL),
(2393, 298, 'Khidirpur', NULL),
(2394, 188, 'Khil Para', NULL),
(2395, 235, 'Khila', NULL),
(2396, 4, 'Khiram', NULL),
(2397, 215, 'Khoajpur', NULL),
(2398, 245, 'Khoga Kharibari', NULL),
(2399, 90, 'Khoksa', NULL),
(2400, 90, 'Khoksa Paurashava', NULL),
(2401, 203, 'Khoksabari', NULL),
(2402, 421, 'Khokshabari', NULL),
(2403, 311, 'Kholachhara', NULL),
(2404, 194, 'Kholahati', NULL),
(2405, 445, 'Khontakata', NULL),
(2406, 249, 'Khoragachh', NULL),
(2407, 110, 'Khotta Para', NULL),
(2408, 391, 'Khubjipur', NULL),
(2409, 357, 'Khukni', NULL),
(2410, 238, 'Khulna Range', NULL),
(2411, 312, 'Khuniagachh', NULL),
(2412, 409, 'Khuniapalong', NULL),
(2413, 190, 'Khuntakhali', NULL),
(2414, 220, 'Khuolia', NULL),
(2415, 275, 'Khurda Kamarpur', NULL),
(2416, 377, 'Khurushkul', NULL),
(2417, 247, 'Khutamara', NULL),
(2418, 168, 'Kichak', NULL),
(2419, 315, 'Kiratan', NULL),
(2420, 339, 'Kirtipasha', NULL),
(2421, 244, 'Kirtipur', NULL),
(2422, 219, 'Kishoreganj', NULL),
(2423, 346, 'Kishoreganj Paurashava', NULL),
(2424, 328, 'Kishoregari', NULL),
(2425, 239, 'Kismat Gankair', NULL),
(2426, 457, 'Kochasahar', NULL),
(2427, 428, 'Kodailkati', NULL),
(2428, 361, 'Kodala', NULL),
(2429, 166, 'Kodalia', NULL),
(2430, 427, 'Kodalia Shohidnagar', NULL),
(2431, 474, 'Kodalpur', NULL),
(2432, 261, 'Kok Dahara', NULL),
(2433, 267, 'Kola', NULL),
(2434, 169, 'Kola Para', NULL),
(2435, 149, 'Kolagaon', NULL),
(2436, 56, 'Kolkanda', NULL),
(2437, 327, 'Konabari', NULL),
(2438, 190, 'Konakhali', NULL),
(2439, 28, 'Konda', NULL),
(2440, 346, 'Korsha Kariail', NULL),
(2441, 21, 'Kotakul', NULL),
(2442, 117, 'Kotalipara Paurashava', NULL),
(2443, 265, 'Kotchandpur Paurashava', NULL),
(2444, 86, 'Koyra', NULL),
(2445, 318, 'Krishnanagar', NULL),
(2446, 52, 'Krishnapur', NULL),
(2447, 317, 'Kuchai', NULL),
(2448, 474, 'Kuchaipatti', NULL),
(2449, 163, 'Kuchiamora', NULL),
(2450, 349, 'Kuchlibari', NULL),
(2451, 278, 'Kuhalong', NULL),
(2452, 114, 'Kukua', NULL),
(2453, 169, 'Kukutia', NULL),
(2454, 312, 'Kulaghat', NULL),
(2455, 380, 'Kulanj', NULL),
(2456, 323, 'Kulaura', NULL),
(2457, 323, 'Kulaura Paurashava', NULL),
(2458, 166, 'Kulia', NULL),
(2459, 436, 'Kuliar Char Paurashava', NULL),
(2460, 355, 'Kulkandi', NULL),
(2461, 375, 'Kulkati', NULL),
(2462, 111, 'Kulla', NULL),
(2463, 239, 'Kullagora', NULL),
(2464, 388, 'Kultia', NULL),
(2465, 275, 'Kumar Para', NULL),
(2466, 348, 'Kumarbhog', NULL),
(2467, 316, 'Kumarghata', NULL),
(2468, 57, 'Kumari', NULL),
(2469, 212, 'Kumarkhali Paurashava', NULL),
(2470, 232, 'Kumedpur', NULL),
(2471, 292, 'Kumira', NULL),
(2472, 466, 'Kumrabaria', NULL),
(2473, 401, 'Kunda', NULL),
(2474, 421, 'Kunda Pukur', NULL),
(2475, 14, 'Kundagram', NULL),
(2476, 301, 'Kunder Char', NULL),
(2477, 215, 'Kunia', NULL),
(2478, 194, 'Kuptala', NULL),
(2479, 456, 'Kuralgachhi', NULL),
(2480, 74, 'Kurar Bazar', NULL),
(2481, 384, 'Kurikahania', NULL),
(2482, 91, 'Kursha', NULL),
(2483, 175, 'Kurshi', NULL),
(2484, 375, 'Kusanghal', NULL),
(2485, 232, 'Kusha Raniganj', NULL),
(2486, 416, 'Kushadanga', NULL),
(2487, 282, 'Kushakhali', NULL),
(2488, 33, 'Kushdaha', NULL),
(2489, 285, 'Kushiram Belpukur', NULL),
(2490, 117, 'Kushla', NULL),
(2491, 332, 'Kushli', NULL),
(2492, 218, 'Kushlia', NULL),
(2493, 8, 'Kushmail', NULL),
(2494, 265, 'Kushna', NULL),
(2495, 53, 'Kushtia', NULL),
(2496, 5, 'Kushtia Paurashava', NULL),
(2497, 394, 'Kushumhati', NULL),
(2498, 111, 'Kushura', NULL),
(2499, 30, 'Kuskhali', NULL),
(2500, 128, 'Kusumba', NULL),
(2501, 365, 'Kusumbi', NULL),
(2502, 149, 'Kusumpura', NULL),
(2503, 308, 'Kutba', NULL),
(2504, 187, 'Kuti', NULL),
(2505, 306, 'Kutubjom', NULL),
(2506, 85, 'Kutubpur', NULL),
(2507, 266, 'Kutuk Chhari', NULL),
(2508, 359, 'Kytola', NULL),
(2509, 30, 'Labsa', NULL),
(2510, 282, 'Laharkandi', NULL),
(2511, 400, 'Lahiri Para', NULL),
(2512, 21, 'Lahuria', NULL),
(2513, 268, 'Lakhai', NULL),
(2514, 122, 'Lakher Para', NULL),
(2515, 225, 'Lakhpur', NULL),
(2516, 190, 'Lakhyarchar', NULL),
(2517, 44, 'Laksam', NULL),
(2518, 44, 'Laksam Paurashava', NULL),
(2519, 118, 'Lakshanaband', NULL),
(2520, 235, 'Lakshmanpur', NULL),
(2521, 27, 'Lakshmansree', NULL),
(2522, 421, 'Lakshmi Chap', NULL),
(2523, 118, 'Lakshmi Pasha', NULL),
(2524, 331, 'Lakshmichhari', NULL),
(2525, 113, 'Lakshmiganj', NULL),
(2526, 458, 'Lakshmikundi', NULL),
(2527, 21, 'Lakshmipasha', NULL),
(2528, 18, 'Lakshmipur', NULL),
(2529, 302, 'Lakshmipur Kholabaria', NULL),
(2530, 282, 'Lakshmipur Paurashava', NULL),
(2531, 293, 'Lakshmir Char', NULL),
(2532, 56, 'Lakshmitari', NULL),
(2533, 134, 'Lal Pur', NULL),
(2534, 317, 'Lala Bazar', NULL),
(2535, 361, 'Lalanagar', NULL),
(2536, 191, 'Lalmohan', NULL),
(2537, 413, 'Lalore', NULL),
(2538, 136, 'Lalpur', NULL),
(2539, 255, 'Lalua', NULL),
(2540, 181, 'Lama', NULL),
(2541, 61, 'Lama Kazi', NULL),
(2542, 181, 'Lama Paurashava', NULL),
(2543, 226, 'Lamatashi', NULL),
(2544, 368, 'Lamchar', NULL),
(2545, 26, 'Langadu', NULL),
(2546, 313, 'Langair', NULL),
(2547, 418, 'Laskar', NULL),
(2548, 427, 'Laskardia', NULL),
(2549, 476, 'Laskarpur', NULL),
(2550, 70, 'Lata', NULL),
(2551, 255, 'Lata Chapli', NULL),
(2552, 267, 'Latabdi', NULL),
(2553, 346, 'Latibabad', NULL),
(2554, 432, 'Latiban', NULL),
(2555, 347, 'Latifpur', NULL),
(2556, 238, 'Laudubi', NULL),
(2557, 164, 'Lauhati', NULL),
(2558, 173, 'Laukati', NULL),
(2559, 318, 'Laur Fatehpur', NULL),
(2560, 74, 'Lauta', NULL),
(2561, 123, 'Lebukhali', NULL),
(2562, 298, 'Lebutala', NULL),
(2563, 186, 'Lehemba', NULL),
(2564, 4, 'Lelang', NULL),
(2565, 65, 'Lemsikhali', NULL),
(2566, 258, 'Lemua', NULL),
(2567, 304, 'Lengura', NULL),
(2568, 179, 'Lesraganj', NULL),
(2569, 432, 'Logang', NULL),
(2570, 21, 'Lohagara', NULL),
(2571, 21, 'Lohagara Paurashava', NULL),
(2572, 348, 'Lohajang Teotia', NULL),
(2573, 10, 'Lohajuri', NULL),
(2574, 173, 'Lohalia', NULL),
(2575, 189, 'Lohani Para', NULL),
(2576, 288, 'Loneshwar', NULL),
(2577, 191, 'Lord Hardinje', NULL),
(2578, 476, 'Lukhra', NULL),
(2579, 320, 'Luter Char', NULL),
(2580, 176, 'M.Baliatali', NULL),
(2581, 185, 'Machh Para', NULL),
(2582, 340, 'Machhihata', NULL),
(2583, 417, 'Madan', NULL),
(2584, 417, 'Madan Paurashava', NULL),
(2585, 232, 'Madankhali', NULL),
(2586, 364, 'Madanpur', NULL),
(2587, 11, 'Madanpura', NULL),
(2588, 398, 'Madapur', NULL),
(2589, 173, 'Madarbunia', NULL),
(2590, 17, 'Madarganj Paurashava', NULL),
(2591, 215, 'Madaripur Paurashava', NULL),
(2592, 97, 'Madarsa', NULL),
(2593, 218, 'Madati', NULL),
(2594, 31, 'Madhab Pasha', NULL),
(2595, 80, 'Madhabdi Paurashava', NULL),
(2596, 106, 'Madhabkhali', NULL),
(2597, 403, 'Madhabpur', NULL),
(2598, 13, 'Madhabpur Paurashava', NULL),
(2599, 336, 'Madhainagar', NULL),
(2600, 302, 'Madhnagar', NULL),
(2601, 466, 'Madhuhati', NULL),
(2602, 199, 'Madhukhali', NULL),
(2603, 46, 'Madhupur', NULL),
(2604, 81, 'Madhupur Paurashava', NULL),
(2605, 156, 'Madhya (mechachal Union)', NULL),
(2606, 412, 'Madhyanagar', NULL),
(2607, 153, 'Madhyapara', NULL),
(2608, 110, 'Madla', NULL),
(2609, 375, 'Magar', NULL),
(2610, 266, 'Magban', NULL),
(2611, 88, 'Magdhara', NULL),
(2612, 333, 'Maghadia', NULL),
(2613, 417, 'Maghan', NULL),
(2614, 325, 'Maghan Siadhar', NULL),
(2615, 163, 'Maghi', NULL),
(2616, 146, 'Maghia', NULL),
(2617, 295, 'Magnama', NULL),
(2618, 207, 'Magra', NULL),
(2619, 162, 'Magtala', NULL),
(2620, 290, 'Magura', NULL),
(2621, 336, 'Magura Binod', NULL),
(2622, 163, 'Magura Paurashava', NULL),
(2623, 167, 'Maguraghona', NULL),
(2624, 167, 'Magurkhali', NULL),
(2625, 129, 'Mahadan', NULL),
(2626, 385, 'Mahadebpur', NULL),
(2627, 211, 'Mahajanpur', NULL),
(2628, 20, 'Mahakali', NULL),
(2629, 482, 'Mahalchhari', NULL),
(2630, 207, 'Mahamudnagar', NULL),
(2631, 227, 'Maharajpur', NULL),
(2632, 312, 'Mahendranagar', NULL),
(2633, 43, 'Mahera', NULL),
(2634, 306, 'Maheshkhali Paurashava', NULL),
(2635, 363, 'Maheshpur', NULL),
(2636, 178, 'Maheshpur Paurashava', NULL),
(2637, 86, 'Maheshwaripur', NULL),
(2638, 156, 'Mahichal', NULL),
(2639, 334, 'Mahilara', NULL),
(2640, 457, 'Mahimaganj', NULL),
(2641, 346, 'Mahinanda', NULL),
(2642, 140, 'Mahisar', NULL),
(2643, 253, 'Mahishaban', NULL),
(2644, 80, 'Mahishasura', NULL),
(2645, 366, 'Mahishkhocha', NULL),
(2646, 394, 'Mahmudpur', NULL),
(2647, 310, 'Maidan Dighi', NULL),
(2648, 289, 'Maidang', NULL),
(2649, 168, 'Maidanhata', NULL),
(2650, 237, 'Maij Char', NULL),
(2651, 346, 'Maij Khapan', NULL),
(2652, 174, 'Maij Para Union', NULL),
(2653, 162, 'Maijbagh', NULL),
(2654, 411, 'Maijbari', NULL),
(2655, 472, 'Maijgaon', NULL),
(2656, 156, 'Maijkhara', NULL),
(2657, 9, 'Mailakanda', NULL),
(2658, 243, 'Mainamati', NULL),
(2659, 370, 'Mainani', NULL),
(2660, 235, 'Maisatua', NULL),
(2661, 145, 'Maishadi', NULL),
(2662, 88, 'Maitbhanga', NULL),
(2663, 66, 'Majchar', NULL),
(2664, 291, 'Majgaon', NULL),
(2665, 161, 'Majh Para', NULL),
(2666, 159, 'Majhardia', NULL),
(2667, 398, 'Majhbari', NULL),
(2668, 347, 'Majhigati', NULL),
(2669, 168, 'Majhihatta', NULL),
(2670, 110, 'Majhira', NULL),
(2671, 106, 'Majidbari', NULL),
(2672, 248, 'Majidpur', NULL),
(2673, 340, 'Majlishpur', NULL),
(2674, 319, 'Makrampur', NULL),
(2675, 396, 'Malancha', NULL),
(2676, 154, 'Malanchi', NULL),
(2677, 403, 'Malapara', NULL),
(2678, 218, 'Maliat', NULL),
(2679, 194, 'Malibari', NULL),
(2680, 154, 'Maligachha', NULL),
(2681, 91, 'Malihad', NULL),
(2682, 464, 'Malijhikanda', NULL),
(2683, 465, 'Malikhali', NULL),
(2684, 267, 'Malkhanagar', NULL),
(2685, 371, 'Mallikbari', NULL),
(2686, 230, 'Malliker Ber', NULL),
(2687, 21, 'Mallikpur', NULL),
(2688, 352, 'Mamudnagar', NULL),
(2689, 363, 'Mamudpur', NULL),
(2690, 168, 'Manakosa', NULL),
(2691, 449, 'Manda', NULL),
(2692, 282, 'Mandari', NULL),
(2693, 178, 'Manderbari', NULL),
(2694, 99, 'Mangalkandi', NULL),
(2695, 393, 'Mangalkot', NULL),
(2696, 180, 'Mangalpur', NULL),
(2697, 50, 'Maniand', NULL),
(2698, 39, 'Maniari', NULL),
(2699, 135, 'Manigram', NULL),
(2700, 345, 'Manikchhari', NULL),
(2701, 64, 'Manikdaha', NULL),
(2702, 320, 'Maniker Char', NULL),
(2703, 165, 'Manikganj Paurashava', NULL),
(2704, 35, 'Manikhat', NULL),
(2705, 311, 'Manikpur', NULL),
(2706, 388, 'Manirampur', NULL),
(2707, 388, 'Manirampur Paurashava', NULL),
(2708, 316, 'Mankon', NULL),
(2709, 354, 'Manmathapur', NULL),
(2710, 286, 'Mannargaon', NULL),
(2711, 298, 'Manohardi Paurashava', NULL),
(2712, 5, 'Manohardia', NULL),
(2713, 388, 'Manoharpur', NULL),
(2714, 447, 'Manpura', NULL),
(2715, 411, 'Mansur Nagar', NULL),
(2716, 471, 'Mansurnagar', NULL),
(2717, 49, 'Manumukh', NULL),
(2718, 9, 'Maoha', NULL),
(2719, 87, 'Maona', NULL),
(2720, 56, 'Marania', NULL),
(2721, 310, 'Marea Bamanhat', NULL),
(2722, 346, 'Maria', NULL),
(2723, 361, 'Mariamnagar', NULL),
(2724, 12, 'Maricha', NULL),
(2725, 173, 'Marichbunia', NULL),
(2726, 205, 'Marichpura', NULL),
(2727, 116, 'Marishya', NULL),
(2728, 22, 'Marjal', NULL),
(2729, 324, 'Maruka', NULL),
(2730, 482, 'Maschhari', NULL),
(2731, 313, 'Mashakhali', NULL),
(2732, 152, 'Mashka', NULL),
(2733, 434, 'Masidpur', NULL),
(2734, 177, 'Masimpur', NULL),
(2735, 10, 'Masua', NULL),
(2736, 359, 'Masundia', NULL),
(2737, 388, 'Maswimnagar', NULL),
(2738, 258, 'Matabi', NULL),
(2739, 306, 'Matarbari', NULL),
(2740, 279, 'Matbarer Char', NULL),
(2741, 142, 'Mathabanga', NULL),
(2742, 337, 'Mathbari', NULL),
(2743, 107, 'Mathbaria', NULL),
(2744, 74, 'Mathiura', NULL),
(2745, 440, 'Mathu Bhuiyan', NULL),
(2746, 12, 'Mathurapur', NULL),
(2747, 218, 'Mathureshpur', NULL),
(2748, 465, 'Matibhanga', NULL),
(2749, 99, 'Matiganj', NULL),
(2750, 341, 'Matikata', NULL),
(2751, 47, 'Matindhar', NULL),
(2752, 115, 'Matiranga', NULL),
(2753, 115, 'Matiranga Paurashava', NULL),
(2754, 441, 'Matlab Paurashava', NULL),
(2755, 270, 'Matmura', NULL),
(2756, 38, 'Matrai', NULL),
(2757, 460, 'Matuail (part)', NULL),
(2758, 242, 'Maugachhi', NULL),
(2759, 113, 'Maugati', NULL),
(2760, 182, 'Mauli', NULL),
(2761, 49, 'Maulvibazar Paurashava', NULL),
(2762, 185, 'Maurat', NULL),
(2763, 218, 'Mautala', NULL),
(2764, 333, 'Mayani', NULL),
(2765, 26, 'Mayanimukh', NULL),
(2766, 249, 'Mayenpur', NULL),
(2767, 5, 'Mazampur', NULL),
(2768, 203, 'Mechhra', NULL),
(2769, 348, 'Medini Mandal', NULL),
(2770, 113, 'Medni', NULL),
(2771, 364, 'Medua', NULL),
(2772, 371, 'Meduary', NULL),
(2773, 199, 'Megchami', NULL),
(2774, 187, 'Mehari', NULL),
(2775, 70, 'Mehendiganj', NULL),
(2776, 80, 'Meher Para', NULL),
(2777, 93, 'Meherpur Paurashava', NULL),
(2778, 406, 'Mekhal', NULL),
(2779, 24, 'Melandaha Paurashava', NULL),
(2780, 303, 'Memania', NULL),
(2781, 410, 'Mendipur', NULL),
(2782, 183, 'Merung', NULL),
(2783, 198, 'Merur Char', NULL),
(2784, 293, 'Meshta', NULL),
(2785, 249, 'Milanpur', NULL),
(2786, 85, 'Mir Warishpur', NULL),
(2787, 37, 'Mirahi', NULL),
(2788, 326, 'Mirat', NULL),
(2789, 247, 'Mirganj', NULL),
(2790, 20, 'Mirkadim Paurashava', NULL),
(2791, 226, 'Mirpur', NULL),
(2792, 91, 'Mirpur Paurashava', NULL),
(2793, 333, 'Mirsharai', NULL),
(2794, 333, 'Mirsharai Paurashava', NULL),
(2795, 107, 'Mirukhali', NULL),
(2796, 81, 'Mirzabari', NULL),
(2797, 106, 'Mirzaganj', NULL),
(2798, 241, 'Mirzanagar', NULL),
(2799, 406, 'Mirzapur', NULL),
(2800, 43, 'Mirzapur Paurashava', NULL),
(2801, 22, 'Mirzar Char', NULL),
(2802, 255, 'Mithaganj', NULL),
(2803, 408, 'Mithakhali', NULL),
(2804, 231, 'Mithamain', NULL),
(2805, 333, 'Mithanala', NULL),
(2806, 19, 'Mithapur', NULL),
(2807, 76, 'Mizanpur', NULL),
(2808, 7, 'Moazzempur', NULL),
(2809, 168, 'Mobarakpur', NULL),
(2810, 227, 'Mochna', NULL),
(2811, 356, 'Mogalbachha', NULL),
(2812, 481, 'Mogalgaon', NULL),
(2813, 312, 'Mogalhat', NULL),
(2814, 317, 'Mogla Bazar', NULL),
(2815, 50, 'Mogra', NULL),
(2816, 141, 'Mohadebpur', NULL),
(2817, 328, 'Mohadipur', NULL),
(2818, 128, 'Mohamadpur', NULL),
(2819, 433, 'Mohamaya', NULL),
(2820, 94, 'Mohammadabad', NULL),
(2821, 188, 'Mohammadpur', NULL),
(2822, 324, 'Mohammadpur Paschim', NULL),
(2823, 324, 'Mohammadpur Purba', NULL),
(2824, 309, 'Mohan Pur', NULL),
(2825, 428, 'Mohanganj', NULL),
(2826, 325, 'Mohanganj Paurashava', NULL),
(2827, 197, 'Mohanpur', NULL),
(2828, 466, 'Moharajpur', NULL),
(2829, 243, 'Mokam', NULL),
(2830, 360, 'Mokamia', NULL),
(2831, 168, 'Mokamtala', NULL),
(2832, 23, 'Mokara', NULL),
(2833, 216, 'Mokarimpur', NULL),
(2834, 352, 'Mokhna', NULL),
(2835, 23, 'Mokrabpur', NULL),
(2836, 100, 'Mokshapur', NULL),
(2837, 218, 'Moktarpur', NULL),
(2838, 27, 'Mollah Para', NULL),
(2839, 375, 'Mollahat', NULL),
(2840, 20, 'Mollahkandi', NULL),
(2841, 74, 'Mollahpur', NULL),
(2842, 194, 'Mollar Char', NULL),
(2843, 317, 'Mollargaon', NULL),
(2844, 82, 'Mominpur', NULL),
(2845, 211, 'Monakhali', NULL),
(2846, 408, 'Mongla Port Paurashava', NULL),
(2847, 220, 'Morrelganj', NULL),
(2848, 220, 'Morrelganj Paurashava', NULL),
(2849, 391, 'Moshinda', NULL),
(2850, 354, 'Mostafapur', NULL),
(2851, 395, 'Mothurapur', NULL),
(2852, 153, 'Mouchak', NULL),
(2853, 399, 'Moyna', NULL),
(2854, 195, 'Mriga', NULL),
(2855, 398, 'Mrigi', NULL),
(2856, 482, 'Mubachhari', NULL),
(2857, 44, 'Mudafarganj', NULL),
(2858, 228, 'Mugra Para', NULL),
(2859, 3, 'Mujib Nagar', NULL),
(2860, 394, 'Muksudpur', NULL),
(2861, 227, 'Muksudpur Paurashava', NULL),
(2862, 316, 'Muktagachha Paurashava', NULL),
(2863, 376, 'Muktanagar', NULL),
(2864, 387, 'Muktarer Char', NULL),
(2865, 358, 'Mukundapur', NULL),
(2866, 344, 'Muladi', NULL),
(2867, 458, 'Muladuli', NULL),
(2868, 76, 'Mulghar', NULL),
(2869, 187, 'Mulgram', NULL),
(2870, 174, 'Mulia', NULL),
(2871, 301, 'Mulna', NULL),
(2872, 10, 'Mumurdia', NULL),
(2873, 193, 'Mundumala Paurashava', NULL),
(2874, 147, 'Munotosh', NULL),
(2875, 16, 'Munshi Bazar', NULL),
(2876, 171, 'Munshiganj', NULL),
(2877, 20, 'Munshiganj Paurashava', NULL),
(2878, 79, 'Munshirhat', NULL),
(2879, 389, 'Mura Para', NULL),
(2880, 123, 'Muradia', NULL),
(2881, 54, 'Muradnagar', NULL),
(2882, 292, 'Muradpur', NULL),
(2883, 268, 'Murakari', NULL),
(2884, 74, 'Muria', NULL),
(2885, 268, 'Muriauk', NULL),
(2886, 88, 'Musapur', NULL),
(2887, 157, 'Mushidhat', NULL),
(2888, 215, 'Mustafapur', NULL),
(2889, 257, 'Musuddi', NULL),
(2890, 7, 'Musuli', NULL),
(2891, 152, 'Muzaffarpur', NULL),
(2892, 53, 'Mymensingh Paurashava', NULL),
(2893, 339, 'Nabagram', NULL),
(2894, 290, 'Nabharan', NULL),
(2895, 175, 'Nabiganj', NULL),
(2896, 175, 'Nabiganj Paurashava', NULL),
(2897, 318, 'Nabinagar Paurashava', NULL),
(2898, 138, 'Nabipur', NULL),
(2899, 375, 'Nachan Mohal', NULL),
(2900, 425, 'Nachna Para', NULL),
(2901, 470, 'Nachole', NULL),
(2902, 470, 'Nachole Paurashava', NULL),
(2903, 92, 'Nadana', NULL),
(2904, 157, 'Nafanagar', NULL),
(2905, 410, 'Nagar', NULL),
(2906, 461, 'Nagarghata', NULL),
(2907, 218, 'Nagari', NULL),
(2908, 427, 'Nagarkanda Paurashava', NULL),
(2909, 352, 'Nagarpur', NULL),
(2910, 261, 'Nagbari', NULL),
(2911, 58, 'Nagda Simla', NULL),
(2912, 57, 'Nagdaha', NULL),
(2913, 155, 'Nagdemra', NULL),
(2914, 474, 'Nager Para', NULL),
(2915, 184, 'Nahata', NULL),
(2916, 42, 'Naihati', NULL),
(2917, 234, 'Naikhongchhari', NULL),
(2918, 457, 'Nakai', NULL),
(2919, 281, 'Nakla', NULL),
(2920, 281, 'Nakla Paurashava', NULL),
(2921, 87, 'Nakol', NULL),
(2922, 334, 'Nalchira', NULL),
(2923, 466, 'Naldanga', NULL),
(2924, 302, 'Naldanga Paurashava', NULL),
(2925, 225, 'Naldha Maubhog', NULL),
(2926, 21, 'Naldi', NULL),
(2927, 254, 'Nali', NULL),
(2928, 86, 'Nalian Range', NULL),
(2929, 205, 'Nalitabari', NULL),
(2930, 205, 'Nalitabari Paurashava', NULL),
(2931, 402, 'Nalka', NULL),
(2932, 464, 'Nalkura', NULL),
(2933, 474, 'Nalmuri', NULL),
(2934, 218, 'Nalta', NULL),
(2935, 176, 'Naltona', NULL),
(2936, 374, 'Nalua', NULL),
(2937, 400, 'Namuja', NULL),
(2938, 7, 'Nandail', NULL),
(2939, 7, 'Nandail Paurashava', NULL),
(2940, 212, 'Nandalalpur', NULL),
(2941, 155, 'Nandanpur', NULL),
(2942, 379, 'Nandigram', NULL),
(2943, 379, 'Nandigram Paurashava', NULL),
(2944, 78, 'Nandirgaon', NULL),
(2945, 23, 'Nangalkot', NULL),
(2946, 23, 'Nangalkot Paurashava', NULL),
(2947, 406, 'Nangalmora', NULL),
(2948, 416, 'Nangalthara', NULL),
(2949, 24, 'Nangla', NULL),
(2950, 405, 'Naniarchar', NULL),
(2951, 227, 'Nanikshir', NULL),
(2952, 111, 'Nannar', NULL),
(2953, 4, 'Nanupur', NULL),
(2954, 297, 'Naodanga', NULL),
(2955, 301, 'Naodoba', NULL),
(2956, 8, 'Naogaon', NULL),
(2957, 244, 'Naogaon Paurashava', NULL),
(2958, 245, 'Naotara', NULL),
(2959, 396, 'Narahatta', NULL),
(2960, 112, 'Narail', NULL),
(2961, 174, 'Narail Paurashava', NULL),
(2962, 335, 'Narandi', NULL),
(2963, 261, 'Narandia', NULL),
(2964, 248, 'Narayandia', NULL),
(2965, 77, 'Narayanganj Paurashava', NULL),
(2966, 4, 'Narayanhat', NULL),
(2967, 441, 'Narayanpur', NULL),
(2968, 383, 'Narchi', NULL),
(2969, 172, 'Nardas', NULL),
(2970, 131, 'Narendrapur', NULL),
(2971, 48, 'Nargun', NULL),
(2972, 387, 'Naria Paurashava', NULL),
(2973, 52, 'Narikelbaria', NULL),
(2974, 394, 'Narisha', NULL),
(2975, 357, 'Narnia', NULL),
(2976, 85, 'Narottampur', NULL),
(2977, 286, 'Narsing Pur', NULL),
(2978, 80, 'Narsingdi Paurashava', NULL),
(2979, 223, 'Narua', NULL),
(2980, 253, 'Naruamala', NULL),
(2981, 293, 'Narundi', NULL),
(2982, 387, 'Nasasan', NULL),
(2983, 253, 'Nasipur', NULL),
(2984, 448, 'Nasirabad', NULL),
(2985, 401, 'Nasirnagar', NULL),
(2986, 14, 'Nasratpur', NULL),
(2987, 92, 'Nateshwar', NULL),
(2988, 318, 'Natghar', NULL),
(2989, 235, 'Nather Petua', NULL),
(2990, 339, 'Nathullabad', NULL),
(2991, 178, 'Natima', NULL),
(2992, 456, 'Natipota', NULL),
(2993, 302, 'Natore Paurashava', NULL),
(2994, 411, 'Natuar Para', NULL),
(2995, 99, 'Nawabpur', NULL),
(2996, 168, 'Naya Naobhanga', NULL),
(2997, 394, 'Nayabari', NULL),
(2998, 205, 'Nayabil', NULL),
(2999, 188, 'Nayakhola', NULL),
(3000, 24, 'Nayanagar', NULL),
(3001, 33, 'Nayansree', NULL),
(3002, 417, 'Nayekpur', NULL),
(3003, 148, 'Nayerhat', NULL),
(3004, 80, 'Nazarpur', NULL),
(3005, 392, 'Nazimkhan', NULL),
(3006, 47, 'Nazipur', NULL),
(3007, 49, 'Nazirabad', NULL),
(3008, 35, 'Nazirganj', NULL),
(3009, 344, 'Nazirpur', NULL),
(3010, 388, 'Nehalpur', NULL),
(3011, 186, 'Nekmarad', NULL),
(3012, 178, 'Nepa', NULL),
(3013, 253, 'Nepaltali', NULL),
(3014, 160, 'Nesarabad (Swarupkati)', NULL),
(3015, 113, 'Netrokona Paurashava', NULL),
(3016, 262, 'Newashi', NULL),
(3017, 222, 'Nhilla', NULL),
(3018, 374, 'Niamati', NULL),
(3019, 315, 'Niamatpur', NULL),
(3020, 119, 'Niazpur', NULL),
(3021, 290, 'Nibaskhola', NULL),
(3022, 313, 'Nigair', NULL),
(3023, 330, 'Nij Bahadurpur', NULL),
(3024, 363, 'Nijamkandi', NULL),
(3025, 386, 'Nijpara', NULL),
(3026, 430, 'Nijpat', NULL),
(3027, 407, 'Nijum Dip', NULL),
(3028, 435, 'Nikli', NULL),
(3029, 137, 'Nikrail', NULL),
(3030, 142, 'Nilakhi', NULL),
(3031, 22, 'Nilakhya', NULL),
(3032, 198, 'Nilakshmia', NULL),
(3033, 255, 'Nilganj', NULL),
(3034, 3, 'Nilkamal', NULL),
(3035, 395, 'Nimaichara', NULL),
(3036, 372, 'Nimgachhi', NULL),
(3037, 381, 'Nimpara', NULL),
(3038, 47, 'Nirmail', NULL),
(3039, 114, 'Nishanbaria', NULL),
(3040, 411, 'Nishchintapur', NULL),
(3041, 400, 'Nishindara', NULL),
(3042, 219, 'Nitai', NULL),
(3043, 434, 'Nithpur', NULL),
(3044, 1, 'Nityanandapur', NULL),
(3045, 196, 'Nizampur', NULL),
(3046, 347, 'Nizra', NULL),
(3047, 210, 'Noa Para', NULL),
(3048, 315, 'Noabad', NULL),
(3049, 130, 'Noagaon', NULL),
(3050, 21, 'Noagram', NULL),
(3051, 314, 'Noahata Paurashava', NULL),
(3052, 210, 'Noajispur', NULL),
(3053, 119, 'Noakhali', NULL),
(3054, 119, 'Noakhali Paurashava', NULL),
(3055, 11, 'Noamala', NULL),
(3056, 119, 'Noannai', NULL),
(3057, 199, 'Noapara', NULL),
(3058, 209, 'Noapara Paurashava', NULL),
(3059, 378, 'Noarai', NULL),
(3060, 355, 'Noarpara', NULL),
(3061, 56, 'Nohali', NULL),
(3062, 186, 'Nonduar', NULL),
(3063, 400, 'Noongola', NULL),
(3064, 262, 'Noonkhawa', NULL),
(3065, 272, 'North Char Ababil', NULL),
(3066, 272, 'North Char Bangshi', NULL),
(3067, 69, 'Nowa Patang', NULL),
(3068, 321, 'Nowdabash', NULL),
(3069, 47, 'Nozipur Paurashava', NULL),
(3070, 373, 'Nudmulla', NULL),
(3071, 205, 'Nunni', NULL),
(3072, 3, 'Nurabad', NULL),
(3073, 80, 'Nuralla Pur U/C', NULL),
(3074, 171, 'Nurnagar', NULL),
(3075, 476, 'Nurpur', NULL),
(3076, 370, 'Nurullabad', NULL),
(3077, 64, 'Nurullaganj', NULL),
(3078, 359, 'Nutan Bharenga', NULL),
(3079, 34, 'Omar', NULL),
(3080, 392, 'Omar Majid', NULL),
(3081, 213, 'Omarpur', NULL),
(3082, 363, 'Orakandi', NULL),
(3083, 3, 'Osmanganj', NULL),
(3084, 333, 'Osmanpur', NULL),
(3085, 273, 'Otra', NULL),
(3086, 154, 'Pabna Paurashava', NULL),
(3087, 328, 'Pabnapur', NULL),
(3088, 193, 'Pachandar', NULL),
(3089, 240, 'Pachim Hatila', NULL),
(3090, 171, 'Padma Pukur', NULL),
(3091, 82, 'Padmabila', NULL),
(3092, 466, 'Padmakar', NULL),
(3093, 374, 'Padri Shibpur', NULL),
(3094, 21, 'Padua', NULL),
(3095, 376, 'Padumsahar', NULL),
(3096, 466, 'Paglakanai', NULL),
(3097, 19, 'Pahar Pur', NULL),
(3098, 182, 'Pahardanga', NULL),
(3099, 443, 'Pahariakandi', NULL),
(3100, 397, 'Paharpur', NULL),
(3101, 210, 'Pahartali', NULL),
(3102, 96, 'Paik Para', NULL),
(3103, 396, 'Paikar', NULL),
(3104, 80, 'Paikar Char', NULL),
(3105, 261, 'Paikara', NULL),
(3106, 120, 'Paiker Chhara', NULL),
(3107, 418, 'Paikgachha Paurashava', NULL),
(3108, 347, 'Paikkandi', NULL),
(3109, 152, 'Paikura', NULL),
(3110, 412, 'Paikurati', NULL),
(3111, 254, 'Paila', NULL),
(3112, 319, 'Pailarkandi', NULL),
(3113, 143, 'Pailgaon', NULL),
(3114, 4, 'Paindanga', NULL),
(3115, 475, 'Paindu', NULL),
(3116, 249, 'Pairaband', NULL),
(3117, 257, 'Paiska', NULL),
(3118, 313, 'Paithal', NULL),
(3119, 5, 'Paitkabari', NULL),
(3120, 130, 'Pak Shimul', NULL),
(3121, 341, 'Pakri', NULL),
(3122, 458, 'Pakshi', NULL),
(3123, 308, 'Pakshia', NULL),
(3124, 263, 'Pakulla', NULL),
(3125, 335, 'Pakundia', NULL),
(3126, 335, 'Pakundia Paurashava', NULL),
(3127, 236, 'Pakuria', NULL),
(3128, 352, 'Pakutia', NULL),
(3129, 442, 'Palash', NULL),
(3130, 386, 'Palashbari', NULL),
(3131, 184, 'Palashbaria', NULL),
(3132, 366, 'Palashi', NULL),
(3133, 22, 'Palashtali', NULL),
(3134, 355, 'Palbandha', NULL),
(3135, 301, 'Paler Char', NULL),
(3136, 358, 'Pali Prayagpur', NULL),
(3137, 124, 'Palong', NULL),
(3138, 477, 'Palong Khali', NULL),
(3139, 404, 'Palsa', NULL),
(3140, 382, 'Palsi', NULL),
(3141, 386, 'Paltapur', NULL),
(3142, 438, 'Pamuli', NULL),
(3143, 279, 'Panch Char', NULL),
(3144, 421, 'Panch Pukur', NULL),
(3145, 114, 'Pancha Koralia', NULL),
(3146, 283, 'Pancha Krushi', NULL),
(3147, 89, 'Panchagarh', NULL),
(3148, 312, 'Panchagram', NULL),
(3149, 220, 'Panchakaran', NULL),
(3150, 20, 'Panchasar', NULL),
(3151, 313, 'Panchbhag', NULL),
(3152, 128, 'Panchbibi Paurashava', NULL),
(3153, 80, 'Panchdona', NULL),
(3154, 232, 'Panchgachha', NULL),
(3155, 258, 'Panchgachhiya', NULL),
(3156, 188, 'Panchgaon', NULL),
(3157, 432, 'Panchhari', NULL),
(3158, 215, 'Panchkhola', NULL),
(3159, 310, 'Panchpir', NULL),
(3160, 109, 'Panchthubi', NULL),
(3161, 39, 'Panchupur', NULL),
(3162, 63, 'Panchuria', NULL),
(3163, 286, 'Pandergaon', NULL),
(3164, 350, 'Pandul', NULL),
(3165, 274, 'Panga Matukpur', NULL),
(3166, 402, 'Pangashi', NULL),
(3167, 123, 'Pangashia', NULL),
(3168, 185, 'Pangsha Paurashava', NULL),
(3169, 290, 'Panisara', NULL),
(3170, 175, 'Paniunda', NULL),
(3171, 393, 'Panjia', NULL),
(3172, 200, 'Panka', NULL),
(3173, 238, 'Pankhali', NULL),
(3174, 104, 'Panpatty', NULL),
(3175, 178, 'Pantha Para', NULL),
(3176, 212, 'Panti', NULL),
(3177, 214, 'Par Ramrampur', NULL),
(3178, 126, 'Paraikora', NULL),
(3179, 217, 'Parail', NULL),
(3180, 399, 'Parameshwardi', NULL),
(3181, 53, 'Paranganj', NULL),
(3182, 370, 'Paranpur', NULL),
(3183, 22, 'Paratali', NULL),
(3184, 282, 'Parbatinagar', NULL),
(3185, 73, 'Parbatipur', NULL),
(3186, 147, 'Parbhanguria', NULL),
(3187, 251, 'Parerhat', NULL),
(3188, 103, 'Paria', NULL),
(3189, 314, 'Parila', NULL),
(3190, 261, 'Parki', NULL),
(3191, 188, 'Parkote', NULL),
(3192, 395, 'Parshadanga', NULL),
(3193, 241, 'Parshuram Paurashava', NULL),
(3194, 361, 'Parua', NULL),
(3195, 125, 'Parul', NULL),
(3196, 363, 'Parulia', NULL),
(3197, 227, 'Pasargati', NULL),
(3198, 444, 'Paschim Baluthupa', NULL),
(3199, 54, 'Paschim Bangara', NULL),
(3200, 175, 'Paschim Bara Bhakhair', NULL),
(3201, 190, 'Paschim Bara Bheola', NULL),
(3202, 240, 'Paschim Barkul', NULL),
(3203, 467, 'Paschim Birgaon', NULL),
(3204, 444, 'Paschim Char Dukhia', NULL),
(3205, 191, 'Paschim Char Umed', NULL),
(3206, 245, 'Paschim Chhatnai', NULL),
(3207, 97, 'Paschim Dhemsa', NULL),
(3208, 299, 'Paschim Dighirpar', NULL),
(3209, 197, 'Paschim Fatehpur', NULL),
(3210, 246, 'Paschim Gauripur', NULL),
(3211, 36, 'Paschim Gomdandi', NULL),
(3212, 444, 'Paschim Gupti', NULL),
(3213, 210, 'Paschim Guzara', NULL),
(3214, 71, 'Paschim Illisha', NULL),
(3215, 78, 'Paschim Jaflong', NULL),
(3216, 208, 'Paschim Jorekaran', NULL),
(3217, 473, 'Paschim Juri', NULL),
(3218, 299, 'Paschim Lakshmip Rasad', NULL),
(3219, 318, 'Paschim Nabinagar', NULL),
(3220, 54, 'Paschim Nabipur', NULL),
(3221, 467, 'Paschim Pagla', NULL),
(3222, 246, 'Paschim Pailanpur', NULL),
(3223, 324, 'Paschim Panchgachhia', NULL),
(3224, 54, 'Paschim Purbadhair', NULL),
(3225, 443, 'Paschim Rupasdi', NULL),
(3226, 146, 'Paschim Sahadebpur', NULL),
(3227, 443, 'Paschim Saifullakandi', NULL),
(3228, 444, 'Paschim Subidpur', NULL),
(3229, 134, 'Paschim Talsahar', NULL),
(3230, 443, 'Paschim Ujan Char', NULL),
(3231, 431, 'Pashapole', NULL),
(3232, 415, 'Pashuram', NULL),
(3233, 169, 'Patabhog', NULL),
(3234, 143, 'Patali', NULL),
(3235, 377, 'Patali Machhuakhali', NULL),
(3236, 16, 'Patanushar', NULL),
(3237, 426, 'Patarir Hat', NULL),
(3238, 332, 'Patgati', NULL),
(3239, 349, 'Patgram', NULL),
(3240, 478, 'Pathachhara', NULL),
(3241, 146, 'Pathair', NULL),
(3242, 281, 'Pathakata', NULL),
(3243, 98, 'Pathalia (part)', NULL),
(3244, 433, 'Pathannagar', NULL),
(3245, 120, 'Pathardubi', NULL),
(3246, 425, 'Patharghata', NULL),
(3247, 41, 'Pathari', NULL),
(3248, 467, 'Patharia', NULL),
(3249, 355, 'Patharsi', NULL),
(3250, 164, 'Pathrail', NULL),
(3251, 431, 'Patibila', NULL),
(3252, 47, 'Patichara', NULL),
(3253, 321, 'Patika Para', NULL),
(3254, 149, 'Patiya Paurashava', NULL),
(3255, 25, 'Patkelghata', NULL),
(3256, 47, 'Patnitala', NULL),
(3257, 185, 'Patta', NULL),
(3258, 397, 'Pattan', NULL),
(3259, 251, 'Pattashi', NULL),
(3260, 335, 'Patuabhanga', NULL),
(3261, 105, 'Patuli', NULL),
(3262, 114, 'Paurashava', NULL),
(3263, 252, 'Payari', NULL),
(3264, 209, 'Payra', NULL),
(3265, 215, 'Pearpur', NULL),
(3266, 295, 'Pekua', NULL),
(3267, 369, 'Perachhara', NULL),
(3268, 23, 'Peria', NULL),
(3269, 230, 'Perikhali', NULL),
(3270, 456, 'Perkrishnapur Madna', NULL),
(3271, 208, 'Perul (Dakshin)', NULL),
(3272, 208, 'Perul (Uttar)', NULL),
(3273, 182, 'Peruli', NULL),
(3274, 12, 'Philipnagar', NULL),
(3275, 297, 'Phulbari', NULL),
(3276, 176, 'Phuljhury', NULL),
(3277, 252, 'Phulpur', NULL),
(3278, 252, 'Phulpur Paurashava', NULL),
(3279, 431, 'Phulsara', NULL),
(3280, 427, 'Phulsuti', NULL),
(3281, 454, 'Phultala', NULL),
(3282, 225, 'Piljanga', NULL),
(3283, 129, 'Pingna', NULL),
(3284, 117, 'Pinjuri', NULL),
(3285, 302, 'Piprul', NULL),
(3286, 243, 'Pir Jatrapur', NULL),
(3287, 168, 'Pirab', NULL),
(3288, 125, 'Pirgachha', NULL),
(3289, 232, 'Pirganj', NULL),
(3290, 237, 'Pirijpur', NULL),
(3291, 93, 'Pirojpur', NULL),
(3292, 129, 'Pogaldigha', NULL),
(3293, 304, 'Pogla', NULL),
(3294, 476, 'Poil', NULL),
(3295, 377, 'Pokkhali', NULL),
(3296, 361, 'Pomara', NULL),
(3297, 339, 'Ponabalia', NULL),
(3298, 36, 'Popadia', NULL),
(3299, 204, 'Pora Kandulia', NULL),
(3300, 207, 'Porabari', NULL),
(3301, 91, 'Poradaha', NULL),
(3302, 205, 'Poragaon', NULL),
(3303, 466, 'Porahati', NULL),
(3304, 357, 'Porjana', NULL),
(3305, 357, 'Potajia', NULL),
(3306, 87, 'Prahladpur', NULL),
(3307, 209, 'Prambag', NULL),
(3308, 370, 'Prasadpur', NULL),
(3309, 127, 'Pratap Nagar', NULL),
(3310, 12, 'Prayagpur', NULL),
(3311, 323, 'Prithim Pasha', NULL),
(3312, 327, 'Pubail', NULL),
(3313, 221, 'Puichhari', NULL),
(3314, 363, 'Puisur', NULL),
(3315, 319, 'Pukhra', NULL),
(3316, 221, 'Pukuria', NULL),
(3317, 132, 'Pumdi', NULL),
(3318, 38, 'Punat', NULL),
(3319, 6, 'Punatti', NULL),
(3320, 356, 'Punchgachhi', NULL),
(3321, 294, 'Pungali', NULL);
INSERT INTO `unions` (`id`, `upazila_id`, `name`, `name_bn`) VALUES
(3322, 427, 'Pura Para', NULL),
(3323, 359, 'Puran Bharenga', NULL),
(3324, 97, 'Puranagar', NULL),
(3325, 94, 'Puranapail', NULL),
(3326, 15, 'Purba Austagram', NULL),
(3327, 444, 'Purba Baluthupa', NULL),
(3328, 54, 'Purba Bangara', NULL),
(3329, 175, 'Purba Bara Bakhair', NULL),
(3330, 190, 'Purba Barabheola', NULL),
(3331, 240, 'Purba Barkul', NULL),
(3332, 467, 'Purba Birgoan', NULL),
(3333, 440, 'Purba Chandrapur', NULL),
(3334, 422, 'Purba Char Bata', NULL),
(3335, 444, 'Purba Char Dukhia', NULL),
(3336, 119, 'Purba Char Matua', NULL),
(3337, 245, 'Purba Chhatnai', NULL),
(3338, 455, 'Purba Damudya', NULL),
(3339, 465, 'Purba Deulbaridobra', NULL),
(3340, 299, 'Purba Dighirpar', NULL),
(3341, 197, 'Purba Fatehpur', NULL),
(3342, 246, 'Purba Gauripur', NULL),
(3343, 36, 'Purba Gomdandi', NULL),
(3344, 444, 'Purba Gupti', NULL),
(3345, 210, 'Purba Guzara', NULL),
(3346, 78, 'Purba Jaflong', NULL),
(3347, 208, 'Purba Jorekaran', NULL),
(3348, 473, 'Purba Juri', NULL),
(3349, 299, 'Purba Lakshmi Prasad', NULL),
(3350, 318, 'Purba Nabinagar', NULL),
(3351, 54, 'Purba Nabipur', NULL),
(3352, 301, 'Purba Naodoba', NULL),
(3353, 467, 'Purba Pagla', NULL),
(3354, 246, 'Purba Pailanpur', NULL),
(3355, 54, 'Purba Purbadhair', NULL),
(3356, 443, 'Purba Rupasdi', NULL),
(3357, 146, 'Purba Sahadebpur', NULL),
(3358, 443, 'Purba Saifullakandi', NULL),
(3359, 444, 'Purba Subidpur', NULL),
(3360, 340, 'Purba Talsahar', NULL),
(3361, 443, 'Purba Ujan Char', NULL),
(3362, 401, 'Purbabagh', NULL),
(3363, 32, 'Purbadhala', NULL),
(3364, 32, 'Purbadhala Paurashava', NULL),
(3365, 283, 'Purnimaganti', NULL),
(3366, 182, 'Purulia', NULL),
(3367, 165, 'Putail', NULL),
(3368, 280, 'Puthia', NULL),
(3369, 280, 'Puthia Paurashava', NULL),
(3370, 177, 'Putia', NULL),
(3371, 21, 'Putibila', NULL),
(3372, 8, 'Putijana', NULL),
(3373, 226, 'Putijuri', NULL),
(3374, 220, 'Putikhali', NULL),
(3375, 33, 'Putimara', NULL),
(3376, 219, 'Putimari', NULL),
(3377, 196, 'Putkhali', NULL),
(3378, 117, 'Radhaganj', NULL),
(3379, 8, 'Radhakanai', NULL),
(3380, 320, 'Radhanagar', NULL),
(3381, 380, 'Rafinagar', NULL),
(3382, 163, 'Raghab Dair', NULL),
(3383, 227, 'Raghdi', NULL),
(3384, 347, 'Raghunathpur', NULL),
(3385, 73, 'Rahanpur Paurashava', NULL),
(3386, 48, 'Rahimanpur', NULL),
(3387, 252, 'Rahimganj', NULL),
(3388, 16, 'Rahimpur', NULL),
(3389, 31, 'Rahmatpur', NULL),
(3390, 425, 'Raihanpur', NULL),
(3391, 51, 'Raikali', NULL),
(3392, 420, 'Raikhali', NULL),
(3393, 199, 'Raipur', NULL),
(3394, 195, 'Raituti', NULL),
(3395, 477, 'Raja Palong', NULL),
(3396, 87, 'Rajabari', NULL),
(3397, 299, 'Rajaganj', NULL),
(3398, 48, 'Rajagaon', NULL),
(3399, 457, 'Rajahar', NULL),
(3400, 371, 'Rajai', NULL),
(3401, 295, 'Rajakhali', NULL),
(3402, 309, 'Rajamehar', NULL),
(3403, 361, 'Rajanagar', NULL),
(3404, 71, 'Rajapur', NULL),
(3405, 392, 'Rajarhat', NULL),
(3406, 409, 'Rajarkul', NULL),
(3407, 76, 'Rajbari Paurashava', NULL),
(3408, 278, 'Rajbila', NULL),
(3409, 415, 'Rajendrapur', NULL),
(3410, 85, 'Rajganj', NULL),
(3411, 7, 'Rajgati', NULL),
(3412, 144, 'Rajghat', NULL),
(3413, 162, 'Rajibpur', NULL),
(3414, 201, 'Rajiher', NULL),
(3415, 387, 'Rajnagar', NULL),
(3416, 96, 'Rajoir', NULL),
(3417, 363, 'Rajpat', NULL),
(3418, 312, 'Rajpur', NULL),
(3419, 145, 'Rajrajeshwar', NULL),
(3420, 457, 'Rakhal Buruz', NULL),
(3421, 202, 'Rakhalgachhi', NULL),
(3422, 413, 'Ramananda Khajura', NULL),
(3423, 140, 'Rambhadrapur', NULL),
(3424, 205, 'Ramchandrakura Mandalia', NULL),
(3425, 220, 'Ramchandrapur', NULL),
(3426, 436, 'Ramdi', NULL),
(3427, 253, 'Rameshwarpur', NULL),
(3428, 191, 'Ramganj', NULL),
(3429, 368, 'Ramganj Paurashava', NULL),
(3430, 478, 'Ramgarh', NULL),
(3431, 478, 'Ramgarh Paurashava', NULL),
(3432, 305, 'Ramgati Paurashava', NULL),
(3433, 9, 'Ramgopalpur', NULL),
(3434, 171, 'Ramjan Nagar', NULL),
(3435, 72, 'Ramjanpur', NULL),
(3436, 269, 'Ramjiban', NULL),
(3437, 159, 'Ramkantapur', NULL),
(3438, 262, 'Ramkhana', NULL),
(3439, 179, 'Ramkrishnapur', NULL),
(3440, 271, 'Ramna', NULL),
(3441, 440, 'Ramnagar', NULL),
(3442, 188, 'Ramnarayanpur', NULL),
(3443, 189, 'Ramnathpur', NULL),
(3444, 20, 'Rampal', NULL),
(3445, 61, 'Rampasha', NULL),
(3446, 145, 'Rampur', NULL),
(3447, 340, 'Ramrail', NULL),
(3448, 117, 'Ramshil', NULL),
(3449, 219, 'Ranachandi', NULL),
(3450, 293, 'Ranagachha', NULL),
(3451, 375, 'Ranapasha', NULL),
(3452, 104, 'Rangabali', NULL),
(3453, 266, 'Rangamati Paurashava', NULL),
(3454, 4, 'Rangamatia', NULL),
(3455, 157, 'Rangaon', NULL),
(3456, 27, 'Rangar Char', NULL),
(3457, 374, 'Rangasree', NULL),
(3458, 304, 'Rangchhati', NULL),
(3459, 75, 'Rangopaldi', NULL),
(3460, 167, 'Rangpur', NULL),
(3461, 361, 'Rangunia', NULL),
(3462, 361, 'Rangunia Paurashava', NULL),
(3463, 180, 'Rani Pukur', NULL),
(3464, 384, 'Rani Shimul', NULL),
(3465, 148, 'Raniganj', NULL),
(3466, 37, 'Ranigaon', NULL),
(3467, 62, 'Ranihati', NULL),
(3468, 342, 'Ranikhai Dakshin', NULL),
(3469, 342, 'Ranikhai Uttar', NULL),
(3470, 326, 'Raninagar', NULL),
(3471, 313, 'Raona', NULL),
(3472, 210, 'Raozan', NULL),
(3473, 210, 'Raozan Paurashava', NULL),
(3474, 146, 'Rari Para', NULL),
(3475, 169, 'Rarikhal', NULL),
(3476, 418, 'Raruli', NULL),
(3477, 409, 'Rashid Nagar', NULL),
(3478, 346, 'Rashidabad', NULL),
(3479, 293, 'Rashidpur', NULL),
(3480, 215, 'Rasti', NULL),
(3481, 3, 'Rasul Pur', NULL),
(3482, 318, 'Rasullabad', NULL),
(3483, 309, 'Rasulpur', NULL),
(3484, 267, 'Rasunia', NULL),
(3485, 363, 'Ratail', NULL),
(3486, 104, 'Ratandi Taltali', NULL),
(3487, 398, 'Ratandia', NULL),
(3488, 203, 'Ratankandi', NULL),
(3489, 318, 'Ratanpur', NULL),
(3490, 477, 'Ratna Palong', NULL),
(3491, 201, 'Ratnapur', NULL),
(3492, 186, 'Rator', NULL),
(3493, 113, 'Rauha', NULL),
(3494, 236, 'Rauha Betmari', NULL),
(3495, 276, 'Raumari', NULL),
(3496, 453, 'Rauti', NULL),
(3497, 329, 'Rayed', NULL),
(3498, 476, 'Raziura', NULL),
(3499, 12, 'Refayetpur', NULL),
(3500, 475, 'Remakri Pransa', NULL),
(3501, 260, 'Remakry', NULL),
(3502, 476, 'Richi', NULL),
(3503, 341, 'Rishikul', NULL),
(3504, 152, 'Roailbari', NULL),
(3505, 73, 'Rohanpur', NULL),
(3506, 388, 'Rohita', NULL),
(3507, 4, 'Roushangiri', NULL),
(3508, 323, 'Routhgaon', NULL),
(3509, 111, 'Rowail', NULL),
(3510, 69, 'Rowangchhari', NULL),
(3511, 367, 'Roy Daulatpur', NULL),
(3512, 419, 'Roy Pasha Karapur', NULL),
(3513, 445, 'Royenda', NULL),
(3514, 262, 'Royganj', NULL),
(3515, 402, 'Royganj Paurashava', NULL),
(3516, 385, 'Roygaon', NULL),
(3517, 242, 'Royghati', NULL),
(3518, 218, 'Roygram', NULL),
(3519, 272, 'Royipur', NULL),
(3520, 23, 'Roykot', NULL),
(3521, 168, 'Roynagar', NULL),
(3522, 394, 'Roypara', NULL),
(3523, 126, 'Roypur', NULL),
(3524, 272, 'Roypur Paurashava', NULL),
(3525, 22, 'Roypura', NULL),
(3526, 22, 'Roypura Paurashava', NULL),
(3527, 167, 'Rudaghara', NULL),
(3528, 124, 'Rudrakar', NULL),
(3529, 48, 'Ruhea', NULL),
(3530, 28, 'Ruhitpur', NULL),
(3531, 51, 'Rukindipur', NULL),
(3532, 475, 'Ruma', NULL),
(3533, 357, 'Rupabati', NULL),
(3534, 116, 'Rupakari', NULL),
(3535, 399, 'Rupapat', NULL),
(3536, 252, 'Rupasi', NULL),
(3537, 389, 'Rupganj', NULL),
(3538, 205, 'Rupnarayankura', NULL),
(3539, 359, 'Ruppur', NULL),
(3540, 181, 'Rupshipara', NULL),
(3541, 78, 'Rustampur', NULL),
(3542, 178, 'S.k.b.(sundarpur)', NULL),
(3543, 265, 'Sabdalpur', NULL),
(3544, 405, 'Sabekhyong', NULL),
(3545, 222, 'Sabrang', NULL),
(3546, 146, 'Sachar', NULL),
(3547, 46, 'Sachiadah', NULL),
(3548, 351, 'Sachna Bazar', NULL),
(3549, 308, 'Sachra', NULL),
(3550, 97, 'Sadaha', NULL),
(3551, 212, 'Sadaki', NULL),
(3552, 29, 'Sadakpur', NULL),
(3553, 52, 'Sadarpur', NULL),
(3554, 133, 'Sadasardi', NULL),
(3555, 340, 'Sadekpur', NULL),
(3556, 221, 'Sadhanpur', NULL),
(3557, 177, 'Sadhar Char', NULL),
(3558, 466, 'Sadhuhati', NULL),
(3559, 198, 'Sadhur Para', NULL),
(3560, 213, 'Sadia Chandpur', NULL),
(3561, 228, 'Sadipur', NULL),
(3562, 154, 'Sadullahpur', NULL),
(3563, 197, 'Sadullapur', NULL),
(3564, 415, 'Sadya Pushkarni', NULL),
(3565, 385, 'Safapur', NULL),
(3566, 344, 'Safipur', NULL),
(3567, 306, 'Saflapur', NULL),
(3568, 466, 'Saganna', NULL),
(3569, 393, 'Sagardari', NULL),
(3570, 35, 'Sagarkandi', NULL),
(3571, 473, 'Sagarnal', NULL),
(3572, 46, 'Sagladah', NULL),
(3573, 336, 'Saguna', NULL),
(3574, 194, 'Saha Para', NULL),
(3575, 174, 'Sahabad Union', NULL),
(3576, 293, 'Sahabajpur', NULL),
(3577, 352, 'Sahabatpur', NULL),
(3578, 261, 'Sahadebpur', NULL),
(3579, 39, 'Sahagola', NULL),
(3580, 9, 'Sahanati', NULL),
(3581, 188, 'Sahapur', NULL),
(3582, 190, 'Saharbil', NULL),
(3583, 180, 'Sahargram', NULL),
(3584, 167, 'Sahas', NULL),
(3585, 151, 'Sahata', NULL),
(3586, 403, 'Sahebabad', NULL),
(3587, 350, 'Saheber Alga', NULL),
(3588, 426, 'Saheberhat', NULL),
(3589, 72, 'Sahebrampur', NULL),
(3590, 132, 'Sahedal', NULL),
(3591, 333, 'Saherkhali', NULL),
(3592, 203, 'Saidabad', NULL),
(3593, 378, 'Saidergaon', NULL),
(3594, 233, 'Saidkati', NULL),
(3595, 364, 'Saidpur', NULL),
(3596, 378, 'Saila Afzalabad', NULL),
(3597, 244, 'Sailgachhi', NULL),
(3598, 6, 'Saintara', NULL),
(3599, 250, 'Saista', NULL),
(3600, 476, 'Saistaganj', NULL),
(3601, 363, 'Sajail', NULL),
(3602, 116, 'Sajek', NULL),
(3603, 140, 'Sakhipur', NULL),
(3604, 224, 'Sakhipur Paurashava', NULL),
(3605, 145, 'Sakhua', NULL),
(3606, 310, 'Sakoa', NULL),
(3607, 36, 'Sakpura', NULL),
(3608, 28, 'Sakta', NULL),
(3609, 112, 'Sakuai', NULL),
(3610, 182, 'Salamabad', NULL),
(3611, 48, 'Salandar', NULL),
(3612, 283, 'Salanga', NULL),
(3613, 283, 'Salap', NULL),
(3614, 287, 'Salbahan', NULL),
(3615, 438, 'Saldanga', NULL),
(3616, 233, 'Salia Bakpur', NULL),
(3617, 443, 'Salimabad', NULL),
(3618, 318, 'Salimganj', NULL),
(3619, 292, 'Salimpur', NULL),
(3620, 261, 'Salla', NULL),
(3621, 105, 'Sallabad', NULL),
(3622, 313, 'Saltia', NULL),
(3623, 436, 'Salua', NULL),
(3624, 325, 'Samaj Sahildeo', NULL),
(3625, 474, 'Samantasar', NULL),
(3626, 90, 'Samaspur', NULL),
(3627, 4, 'Samitirhat', NULL),
(3628, 160, 'Samudaykati', NULL),
(3629, 122, 'Sandhanpur', NULL),
(3630, 252, 'Sandhara', NULL),
(3631, 152, 'Sandikona', NULL),
(3632, 88, 'Sandwip Paurashava', NULL),
(3633, 421, 'Sangalshi', NULL),
(3634, 321, 'Saniajan', NULL),
(3635, 37, 'Sankhola', NULL),
(3636, 228, 'Sanmandi', NULL),
(3637, 329, 'Sanmania', NULL),
(3638, 279, 'Sannyasir Char', NULL),
(3639, 111, 'Sanora', NULL),
(3640, 14, 'Santahar Paurashava', NULL),
(3641, 155, 'Santhia Paurashava', NULL),
(3642, 88, 'Santoshpur', NULL),
(3643, 258, 'Sanua', NULL),
(3644, 398, 'Saorail', NULL),
(3645, 41, 'Sapahar', NULL),
(3646, 266, 'Sapchhari', NULL),
(3647, 355, 'Sapdhari', NULL),
(3648, 107, 'Sapleza', NULL),
(3649, 457, 'Sapmara', NULL),
(3650, 366, 'Saptibari', NULL),
(3651, 458, 'Sara', NULL),
(3652, 181, 'Sarai', NULL),
(3653, 130, 'Sarail', NULL),
(3654, 221, 'Saral', NULL),
(3655, 460, 'Saralia', NULL),
(3656, 193, 'Saranjai', NULL),
(3657, 361, 'Sarapbhata', NULL),
(3658, 167, 'Sarappur', NULL),
(3659, 237, 'Sarar Char', NULL),
(3660, 235, 'Sarashpur', NULL),
(3661, 269, 'Sarbananda', NULL),
(3662, 116, 'Sarboatali', NULL),
(3663, 381, 'Sardah', NULL),
(3664, 91, 'Sardarpur', NULL),
(3665, 160, 'Sarengkati', NULL),
(3666, 383, 'Sariakandi', NULL),
(3667, 383, 'Sariakandi Paurashava', NULL),
(3668, 88, 'Sarikait', NULL),
(3669, 334, 'Sarikal', NULL),
(3670, 114, 'Sarikkhali', NULL),
(3671, 468, 'Sariktala', NULL),
(3672, 185, 'Sarisha', NULL),
(3673, 129, 'Sarishabari Paurashava', NULL),
(3674, 258, 'Sarishadi', NULL),
(3675, 360, 'Sarishamuri', NULL),
(3676, 288, 'Sarmaisa', NULL),
(3677, 36, 'Saroatali', NULL),
(3678, 366, 'Sarpukur', NULL),
(3679, 461, 'Sarulia', NULL),
(3680, 1, 'Sarutia', NULL),
(3681, 399, 'Satair', NULL),
(3682, 248, 'Satani', NULL),
(3683, 192, 'Satarkul', NULL),
(3684, 229, 'Satbaria', NULL),
(3685, 415, 'Satgara', NULL),
(3686, 144, 'Satgoan', NULL),
(3687, 133, 'Satgram', NULL),
(3688, 97, 'Satkania', NULL),
(3689, 97, 'Satkania Paurashava', NULL),
(3690, 226, 'Satkapan', NULL),
(3691, 30, 'Satkhira Paurashava', NULL),
(3692, 171, 'Satkhira Range', NULL),
(3693, 273, 'Satla', NULL),
(3694, 89, 'Satmara', NULL),
(3695, 318, 'Satmura', NULL),
(3696, 197, 'Satnal', NULL),
(3697, 6, 'Satnala', NULL),
(3698, 347, 'Satpar', NULL),
(3699, 129, 'Satpoa', NULL),
(3700, 163, 'Satrujitpur', NULL),
(3701, 337, 'Saturia', NULL),
(3702, 25, 'Sauljalia', NULL),
(3703, 276, 'Saulmari', NULL),
(3704, 98, 'Savar', NULL),
(3705, 98, 'Savar Paurashava', NULL),
(3706, 60, 'Sayar', NULL),
(3707, 108, 'Sayna Raghunathpur', NULL),
(3708, 267, 'Sekharnagar', NULL),
(3709, 339, 'Sekherhat', NULL),
(3710, 221, 'Sekherkhil', NULL),
(3711, 400, 'Sekherkola', NULL),
(3712, 244, 'Sekherpur', NULL),
(3713, 465, 'Sekhmatia', NULL),
(3714, 150, 'Sekhpura', NULL),
(3715, 412, 'Selborash', NULL),
(3716, 138, 'Senbagh Paurashava', NULL),
(3717, 301, 'Sener Char', NULL),
(3718, 232, 'Sengaon', NULL),
(3719, 197, 'Sengarchar Paurashava', NULL),
(3720, 322, 'Senhati', NULL),
(3721, 157, 'Setabganj Paurashava', NULL),
(3722, 400, 'Shabgram', NULL),
(3723, 365, 'Shah- Bandegi', NULL),
(3724, 145, 'Shah Mahmudpur', NULL),
(3725, 270, 'Shaharbati', NULL),
(3726, 10, 'Shahasram Dhuldia', NULL),
(3727, 168, 'Shahbajpur', NULL),
(3728, 130, 'Shahbazpur', NULL),
(3729, 76, 'Shahid Wahabpur', NULL),
(3730, 479, 'Shahidbagh', NULL),
(3731, 130, 'Shahjadapur', NULL),
(3732, 357, 'Shahjadpur Paurashava', NULL),
(3733, 62, 'Shahjahanpur', NULL),
(3734, 446, 'Shahrasti Paurashava', NULL),
(3735, 174, 'Shaikhati', NULL),
(3736, 1, 'Shailkupa Paurashava', NULL),
(3737, 282, 'Shak Char', NULL),
(3738, 457, 'Shakhahar', NULL),
(3739, 400, 'Shakharia', NULL),
(3740, 139, 'Shalikha', NULL),
(3741, 33, 'Shalkhuria', NULL),
(3742, 457, 'Shalmara', NULL),
(3743, 21, 'Shalnagar', NULL),
(3744, 307, 'Shambhupur', NULL),
(3745, 228, 'Shambhupura', NULL),
(3746, 16, 'Shamshernagar', NULL),
(3747, 232, 'Shanerhat', NULL),
(3748, 82, 'Shankar Chandra', NULL),
(3749, 468, 'Shankarpasha', NULL),
(3750, 290, 'Shankarpur', NULL),
(3751, 465, 'Shankharikati', NULL),
(3752, 14, 'Shantahar', NULL),
(3753, 269, 'Shantiram', NULL),
(3754, 445, 'Sharankhola Range', NULL),
(3755, 124, 'Shariatpur Paurashava', NULL),
(3756, 134, 'Sharifpur', NULL),
(3757, 196, 'Sharsha', NULL),
(3758, 150, 'Shashara', NULL),
(3759, 403, 'Shashidal', NULL),
(3760, 202, 'Shat Gambuj', NULL),
(3761, 386, 'Shatagram', NULL),
(3762, 139, 'Shatakhali', NULL),
(3763, 37, 'Shatiajuri', NULL),
(3764, 124, 'Shaul Para', NULL),
(3765, 419, 'Shayestabad', NULL),
(3766, 476, 'Shayestagang Paurashava', NULL),
(3767, 24, 'Shaympur', NULL),
(3768, 399, 'Shekhar', NULL),
(3769, 212, 'Shelaidaha', NULL),
(3770, 74, 'Sheola', NULL),
(3771, 413, 'Sherkole', NULL),
(3772, 7, 'Sherpur', NULL),
(3773, 236, 'Sherpur Paurashava', NULL),
(3774, 108, 'Shialkati', NULL),
(3775, 203, 'Shialkul', NULL),
(3776, 279, 'Shib Char Paurashava', NULL),
(3777, 141, 'Shibalaya', NULL),
(3778, 279, 'Shibchar', NULL),
(3779, 168, 'Shibganj', NULL),
(3780, 168, 'Shibganj Paurashava', NULL),
(3781, 55, 'Shibnagar', NULL),
(3782, 45, 'Shibpasha', NULL),
(3783, 318, 'Shibpur', NULL),
(3784, 177, 'Shibpur Paurashava', NULL),
(3785, 386, 'Shibrampur', NULL),
(3786, 47, 'Shihara', NULL),
(3787, 72, 'Shikar Mangal', NULL),
(3788, 33, 'Shikari Para', NULL),
(3789, 273, 'Shikarpur', NULL),
(3790, 295, 'Shilkhali', NULL),
(3791, 120, 'Shilkhuri', NULL),
(3792, 365, 'Shimabari', NULL),
(3793, 467, 'Shimulbak', NULL),
(3794, 297, 'Shimulbari', NULL),
(3795, 98, 'Shimulia', NULL),
(3796, 29, 'Shimulkandi', NULL),
(3797, 321, 'Shingimari', NULL),
(3798, 41, 'Shiranti', NULL),
(3799, 270, 'Shola Taka', NULL),
(3800, 418, 'Sholadana', NULL),
(3801, 169, 'Sholaghar', NULL),
(3802, 273, 'Sholak', NULL),
(3803, 243, 'Sholanal', NULL),
(3804, 33, 'Sholla', NULL),
(3805, 442, 'Sholukabad', NULL),
(3806, 118, 'Shorifgonj', NULL),
(3807, 79, 'Shubhapur', NULL),
(3808, 40, 'Shublong', NULL),
(3809, 298, 'Shukundi', NULL),
(3810, 318, 'Shyamgram', NULL),
(3811, 388, 'Shyamkur', NULL),
(3812, 171, 'Shyamnagar', NULL),
(3813, 463, 'Shyampur', NULL),
(3814, 169, 'Shyamsiddhi', NULL),
(3815, 375, 'Siddhakati', NULL),
(3816, 209, 'Siddhipasha', NULL),
(3817, 77, 'Siddirganj Paurashava', NULL),
(3818, 132, 'Sidhla', NULL),
(3819, 17, 'Sidhuli', NULL),
(3820, 403, 'Sidlai', NULL),
(3821, 455, 'Sidulkura', NULL),
(3822, 455, 'Sidya', NULL),
(3823, 149, 'Sikalbaha', NULL),
(3824, 468, 'Sikdar Mallik', NULL),
(3825, 20, 'Silai', NULL),
(3826, 317, 'Silam', NULL),
(3827, 207, 'Silimpur', NULL),
(3828, 221, 'Silkup', NULL),
(3829, 80, 'Silmandi', NULL),
(3830, 280, 'Silmaria', NULL),
(3831, 361, 'Silok', NULL),
(3832, 121, 'Simanta', NULL),
(3833, 218, 'Simla Rokonpur', NULL),
(3834, 482, 'Sindukchari', NULL),
(3835, 144, 'Sindurkhan', NULL),
(3836, 321, 'Sindurna', NULL),
(3837, 440, 'Sindurpur', NULL),
(3838, 378, 'Sing Chapair', NULL),
(3839, 363, 'Singa', NULL),
(3840, 384, 'Singa Baruna', NULL),
(3841, 250, 'Singair', NULL),
(3842, 250, 'Singair Paurashava', NULL),
(3843, 174, 'Singasolpur', NULL),
(3844, 329, 'Singasree', NULL),
(3845, 151, 'Singdha', NULL),
(3846, 431, 'Singhajhuli', NULL),
(3847, 113, 'Singhar Bangla', NULL),
(3848, 252, 'Singheshwar', NULL),
(3849, 254, 'Singjuri', NULL),
(3850, 435, 'Singpur', NULL),
(3851, 404, 'Singra', NULL),
(3852, 413, 'Singra Paurashava', NULL),
(3853, 7, 'Singrail', NULL),
(3854, 203, 'Sirajganj Paurashava', NULL),
(3855, 342, 'Sirajpur', NULL),
(3856, 215, 'Sirkhara', NULL),
(3857, 53, 'Sirta', NULL),
(3858, 279, 'Siruail', NULL),
(3859, 292, 'Sitakunda Paurashava', NULL),
(3860, 226, 'Snanghat', NULL),
(3861, 167, 'Sobhana', NULL),
(3862, 149, 'Sobhandandi', NULL),
(3863, 127, 'Sobhnali', NULL),
(3864, 160, 'Sohagdal', NULL),
(3865, 162, 'Sohagi', NULL),
(3866, 81, 'Solakuri', NULL),
(3867, 111, 'Sombhag', NULL),
(3868, 416, 'Sonabaria', NULL),
(3869, 172, 'Sonadanga', NULL),
(3870, 407, 'Sonadia', NULL),
(3871, 99, 'Sonagazi', NULL),
(3872, 99, 'Sonagazi Paurashava', NULL),
(3873, 438, 'Sonahar Mallikadaha', NULL),
(3874, 288, 'Sonai', NULL),
(3875, 292, 'Sonaichhari', NULL),
(3876, 92, 'Sonaimuri Paurashava', NULL),
(3877, 97, 'Sonakania', NULL),
(3878, 114, 'Sonakata', NULL),
(3879, 402, 'Sonakhara', NULL),
(3880, 51, 'Sonamukhi', NULL),
(3881, 307, 'Sonapur', NULL),
(3882, 253, 'Sonarai', NULL),
(3883, 443, 'Sonarampur', NULL),
(3884, 2, 'Sonarang Tongibari', NULL),
(3885, 228, 'Sonargaon Paurashava', NULL),
(3886, 269, 'Sonaroy', NULL),
(3887, 263, 'Sonatala', NULL),
(3888, 357, 'Sonatani', NULL),
(3889, 263, 'Sonatola Paurashava', NULL),
(3890, 272, 'South Char Ababil', NULL),
(3891, 272, 'South Char Bangshi Union', NULL),
(3892, 361, 'South Rajanagar', NULL),
(3893, 384, 'Sreebardi', NULL),
(3894, 384, 'Sreebardi Paurashava', NULL),
(3895, 209, 'Sreedharpur', NULL),
(3896, 42, 'Sreefaltala', NULL),
(3897, 153, 'Sreefaltali', NULL),
(3898, 54, 'Sreekail', NULL),
(3899, 87, 'Sreekol', NULL),
(3900, 144, 'Sreemangal', NULL),
(3901, 144, 'Sreemangal Paurashava', NULL),
(3902, 217, 'Sreemantapur', NULL),
(3903, 29, 'Sreenagar', NULL),
(3904, 79, 'Sreepur', NULL),
(3905, 36, 'Sreepur Kharandwip', NULL),
(3906, 87, 'Sreepur Paurashava', NULL),
(3907, 465, 'Sreeramkati', NULL),
(3908, 318, 'Sreerampur', NULL),
(3909, 127, 'Sreeula', NULL),
(3910, 222, 'St.Martin Dwip', NULL),
(3911, 213, 'Sthal', NULL),
(3912, 4, 'Suabil', NULL),
(3913, 117, 'Suagram', NULL),
(3914, 325, 'Suair', NULL),
(3915, 111, 'Suapur', NULL),
(3916, 209, 'Subha Para', NULL),
(3917, 172, 'Subhadanga', NULL),
(3918, 225, 'Subhadia', NULL),
(3919, 28, 'Subhadya (Part)', NULL),
(3920, 411, 'Subhagachha', NULL),
(3921, 433, 'Subhapur', NULL),
(3922, 375, 'Subidpur', NULL),
(3923, 309, 'Subil', NULL),
(3924, 393, 'Sufalakati', NULL),
(3925, 365, 'Sughat', NULL),
(3926, 376, 'Sughatta', NULL),
(3927, 156, 'Suhilpur (paschim Silpur)', NULL),
(3928, 386, 'Sujalpur', NULL),
(3929, 35, 'Sujanagar', NULL),
(3930, 35, 'Sujanagar Paurashava', NULL),
(3931, 319, 'Sujatpur', NULL),
(3932, 413, 'Sukash', NULL),
(3933, 407, 'Sukh Char', NULL),
(3934, 48, 'Sukhanpukhari', NULL),
(3935, 288, 'Sukhari', NULL),
(3936, 335, 'Sukhia', NULL),
(3937, 431, 'Sukpukhuria', NULL),
(3938, 337, 'Suktagarh', NULL),
(3939, 347, 'Suktail', NULL),
(3940, 158, 'Sulla', NULL),
(3941, 197, 'Sultanabad', NULL),
(3942, 483, 'Sultanganj', NULL),
(3943, 110, 'Sultanganj (Part)', NULL),
(3944, 340, 'Sultanpur', NULL),
(3945, 27, 'Sunamganj Paurashava', NULL),
(3946, 324, 'Sundalpur', NULL),
(3947, 438, 'Sundar Dighi', NULL),
(3948, 408, 'Sundarban', NULL),
(3949, 269, 'Sundarganj Paurashava', NULL),
(3950, 4, 'Sundarpur', NULL),
(3951, 218, 'Sundarpur Durgapur', NULL),
(3952, 209, 'Sundoli', NULL),
(3953, 408, 'Suniltala', NULL),
(3954, 190, 'Surajpur Manikpur', NULL),
(3955, 466, 'Surat', NULL),
(3956, 11, 'Surjyamani', NULL),
(3957, 101, 'Surkhali', NULL),
(3958, 286, 'Surma', NULL),
(3959, 179, 'Sutalari', NULL),
(3960, 394, 'Sutar Para', NULL),
(3961, 238, 'Sutarkhali', NULL),
(3962, 111, 'Suti Para', NULL),
(3963, 160, 'Sutiakati', NULL),
(3964, 153, 'Sutrapur', NULL),
(3965, 112, 'Swadeshi', NULL),
(3966, 278, 'Swalak', NULL),
(3967, 431, 'Swarupdaha', NULL),
(3968, 178, 'Swaruppur', NULL),
(3969, 143, 'Syed Pur', NULL),
(3970, 42, 'T. S. Bahirdia', NULL),
(3971, 350, 'Tabakpur', NULL),
(3972, 308, 'Tabgi', NULL),
(3973, 63, 'Tagarbanda', NULL),
(3974, 382, 'Taherhuda', NULL),
(3975, 259, 'Tahirpur', NULL),
(3976, 172, 'Tahirpur Paurashava', NULL),
(3977, 115, 'Taindang', NULL),
(3978, 295, 'Taitong', NULL),
(3979, 413, 'Tajpur', NULL),
(3980, 461, 'Tala', NULL),
(3981, 336, 'Talam', NULL),
(3982, 193, 'Talanda', NULL),
(3983, 91, 'Talbaria', NULL),
(3984, 453, 'Talganga', NULL),
(3985, 250, 'Talibpur', NULL),
(3986, 330, 'Talimpur', NULL),
(3987, 139, 'Talkhari', NULL),
(3988, 281, 'Talki', NULL),
(3989, 427, 'Talma', NULL),
(3990, 414, 'Talora', NULL),
(3991, 457, 'Taluk Kanupur', NULL),
(3992, 407, 'Tamaruddin', NULL),
(3993, 125, 'Tambulpur', NULL),
(3994, 415, 'Tamphat', NULL),
(3995, 446, 'Tamta Paschim', NULL),
(3996, 446, 'Tamta Purba', NULL),
(3997, 207, 'Tangail Paurashava', NULL),
(3998, 321, 'Tangbhanga', NULL),
(3999, 278, 'Tankabati', NULL),
(4000, 54, 'Tanki', NULL),
(4001, 193, 'Tanore Paurashava', NULL),
(4002, 169, 'Tantar', NULL),
(4003, 35, 'Tantibanda', NULL),
(4004, 384, 'Tantihati', NULL),
(4005, 415, 'Tapodhan', NULL),
(4006, 389, 'Tarabo Paurashava', NULL),
(4007, 140, 'Tarabunia', NULL),
(4008, 69, 'Tarachha', NULL),
(4009, 43, 'Tarafpur', NULL),
(4010, 453, 'Tarail Sachail', NULL),
(4011, 252, 'Tarakanda', NULL),
(4012, 380, 'Taral', NULL),
(4013, 218, 'Tarali', NULL),
(4014, 28, 'Taranagar', NULL),
(4015, 269, 'Tarapur', NULL),
(4016, 336, 'Tarash', NULL),
(4017, 316, 'Tarati', NULL),
(4018, 329, 'Targaon', NULL),
(4019, 84, 'Taria', NULL),
(4020, 145, 'Tarpur Chandi', NULL),
(4021, 134, 'Tarua', NULL),
(4022, 162, 'Tarundia', NULL),
(4023, 302, 'Tebaria', NULL),
(4024, 28, 'Tegharia', NULL),
(4025, 411, 'Tekani', NULL),
(4026, 263, 'Tekani Chukainagar', NULL),
(4027, 222, 'Teknaf', NULL),
(4028, 222, 'Teknaf Paurashava', NULL),
(4029, 220, 'Teligati', NULL),
(4030, 87, 'Telihati', NULL),
(4031, 342, 'Telikhal', NULL),
(4032, 373, 'Telikhali', NULL),
(4033, 313, 'Tengaba', NULL),
(4034, 264, 'Tenger Char', NULL),
(4035, 471, 'Tengra', NULL),
(4036, 270, 'Tentulbaria', NULL),
(4037, 461, 'Tentulia', NULL),
(4038, 141, 'Teota', NULL),
(4039, 245, 'Tepa Kharibari', NULL),
(4040, 479, 'Tepa Madhupur', NULL),
(4041, 438, 'Tepriganj', NULL),
(4042, 46, 'Terokhada', NULL),
(4043, 317, 'Tetli', NULL),
(4044, 98, 'Tetuljhora', NULL),
(4045, 443, 'Tezkhali', NULL),
(4046, 113, 'Thakurakona', NULL),
(4047, 379, 'Thalta Majhgram', NULL),
(4048, 148, 'Thanahat', NULL),
(4049, 260, 'Thanchi', NULL),
(4050, 350, 'Thetroy', NULL),
(4051, 255, 'Tiakhali', NULL),
(4052, 282, 'Tiariganj', NULL),
(4053, 417, 'Tiasree', NULL),
(4054, 107, 'Tikikata', NULL),
(4055, 323, 'Tilagaon', NULL),
(4056, 120, 'Tilai', NULL),
(4057, 51, 'Tilakpur', NULL),
(4058, 238, 'Tildanga', NULL),
(4059, 256, 'Tilli', NULL),
(4060, 41, 'Tilna', NULL),
(4061, 74, 'Tilpara', NULL),
(4062, 260, 'Tindu', NULL),
(4063, 345, 'Tintahari', NULL),
(4064, 287, 'Tirnaihat', NULL),
(4065, 293, 'Titpalla', NULL),
(4066, 82, 'Titudaha', NULL),
(4067, 329, 'Toke', NULL),
(4068, 468, 'Tona', NULL),
(4069, 327, 'Tongi Paurashava', NULL),
(4070, 426, 'Torabgang', NULL),
(4071, 78, 'Towakul', NULL),
(4072, 1, 'Tribeni', NULL),
(4073, 218, 'Trilochanpur', NULL),
(4074, 393, 'Trimohini', NULL),
(4075, 100, 'Trishal', NULL),
(4076, 100, 'Trishal Paurashava', NULL),
(4077, 115, 'Tubalchhari', NULL),
(4078, 481, 'Tuker Bazar', NULL),
(4079, 232, 'Tukuria', NULL),
(4080, 174, 'Tularampur', NULL),
(4081, 124, 'Tulasar', NULL),
(4082, 293, 'Tulsir Char', NULL),
(4083, 481, 'Tultikar', NULL),
(4084, 282, 'Tum Char', NULL),
(4085, 218, 'Tumulia', NULL),
(4086, 419, 'Tungibaria', NULL),
(4087, 332, 'Tungipara Paurashava', NULL),
(4088, 421, 'Tupamari', NULL),
(4089, 218, 'Tushbhandar', NULL),
(4090, 107, 'Tushkhali', NULL),
(4091, 64, 'Tuzarpur', NULL),
(4092, 43, 'Uarsi', NULL),
(4093, 37, 'Ubahata', NULL),
(4094, 162, 'Uchakhila', NULL),
(4095, 133, 'Uchitpur', NULL),
(4096, 469, 'Udakhali', NULL),
(4097, 233, 'Udaykati', NULL),
(4098, 166, 'Udaypur', NULL),
(4099, 283, 'Udhunia', NULL),
(4100, 230, 'Ujalkur', NULL),
(4101, 437, 'Ujan Char', NULL),
(4102, 5, 'Ujangram', NULL),
(4103, 227, 'Ujani', NULL),
(4104, 295, 'Ujantia', NULL),
(4105, 79, 'Ujirpur', NULL),
(4106, 141, 'Ulail', NULL),
(4107, 70, 'Ulania', NULL),
(4108, 196, 'Ulashi', NULL),
(4109, 283, 'Ullah Para', NULL),
(4110, 283, 'Ullah Para Paurashava', NULL),
(4111, 347, 'Ulpur', NULL),
(4112, 432, 'Ulta Chari', NULL),
(4113, 279, 'Umedpur', NULL),
(4114, 131, 'Upasahar', NULL),
(4115, 49, 'Upper Kagabala', NULL),
(4116, 347, 'Urafi', NULL),
(4117, 396, 'Urail', NULL),
(4118, 469, 'Uria', NULL),
(4119, 88, 'Urirchar', NULL),
(4120, 210, 'Urkirchar', NULL),
(4121, 281, 'Urpha', NULL),
(4122, 313, 'Usthi', NULL),
(4123, 141, 'Uthali', NULL),
(4124, 150, 'Uthrail', NULL),
(4125, 371, 'Uthura', NULL),
(4126, 415, 'Uttam', NULL),
(4127, 50, 'Uttar Akhaura', NULL),
(4128, 424, 'Uttar Algi Durgapur', NULL),
(4129, 259, 'Uttar Badaghat', NULL),
(4130, 259, 'Uttar Badal', NULL),
(4131, 118, 'Uttar Bade Pasha', NULL),
(4132, 22, 'Uttar Bakharnagar', NULL),
(4133, 443, 'Uttar Banchharampur', NULL),
(4134, 412, 'Uttar Bangshikunda', NULL),
(4135, 86, 'Uttar Bedkashi', NULL),
(4136, 66, 'Uttar Channel', NULL),
(4137, 330, 'Uttar Dakshinbhag', NULL),
(4138, 324, 'Uttar Daudkandi', NULL),
(4139, 309, 'Uttar Dhamti', NULL),
(4140, 65, 'Uttar Dhurung', NULL),
(4141, 71, 'Uttar Dighaldi', NULL),
(4142, 109, 'Uttar Durgapur', NULL),
(4143, 324, 'Uttar Elliotganj', NULL),
(4144, 240, 'Uttar Gandharabpur', NULL),
(4145, 444, 'Uttar Gobindapur', NULL),
(4146, 146, 'Uttar Gohat', NULL),
(4147, 309, 'Uttar Gunaighar', NULL),
(4148, 282, 'Uttar Hamchadi', NULL),
(4149, 235, 'Uttar Hawla', NULL),
(4150, 397, 'Uttar Ichhapur', NULL),
(4151, 235, 'Uttar Jhalam', NULL),
(4152, 364, 'Uttar Joynagar', NULL),
(4153, 282, 'Uttar Joypur', NULL),
(4154, 146, 'Uttar Kachua', NULL),
(4155, 240, 'Uttar Kalocho', NULL),
(4156, 484, 'Uttar Khan', NULL),
(4157, 18, 'Uttar Khosbas', NULL),
(4158, 378, 'Uttar Khurma', NULL),
(4159, 406, 'Uttar Madarsa', NULL),
(4160, 446, 'Uttar Meher', NULL),
(4161, 340, 'Uttar Natai', NULL),
(4162, 441, 'Uttar Nayergaon', NULL),
(4163, 444, 'Uttar Paikpara', NULL),
(4164, 130, 'Uttar Panisar', NULL),
(4165, 319, 'Uttar Paschim Baniyachang', NULL),
(4166, 18, 'Uttar Payalgachha', NULL),
(4167, 319, 'Uttar Purba Baniachang', NULL),
(4168, 240, 'Uttar Rajargaon', NULL),
(4169, 54, 'Uttar Ramchandrapur', NULL),
(4170, 446, 'Uttar Roysree', NULL),
(4171, 444, 'Uttar Rupsa', NULL),
(4172, 447, 'Uttar Sakuchia', NULL),
(4173, 330, 'Uttar Shahabajpur', NULL),
(4174, 18, 'Uttar Shilmuri', NULL),
(4175, 259, 'Uttar Sreepur', NULL),
(4176, 446, 'Uttar Suchi Para', NULL),
(4177, 412, 'Uttar Sukhair Rajapur', NULL),
(4178, 441, 'Uttar Upadi', NULL),
(4179, 471, 'Uttarbhag', NULL),
(4180, 44, 'Uttardah', NULL),
(4181, 385, 'Uttargram', NULL),
(4182, 168, 'Uzirpur', NULL),
(4183, 351, 'Vimkhali', NULL),
(4184, 420, 'Wagga', NULL),
(4185, 333, 'Wahedpur', NULL),
(4186, 136, 'Walia', NULL),
(4187, 419, 'Ward No-01', NULL),
(4188, 419, 'Ward No-02', NULL),
(4189, 12, 'Ward No-02 (part)', NULL),
(4190, 419, 'Ward No-03', NULL),
(4191, 419, 'Ward No-04', NULL),
(4192, 419, 'Ward No-05', NULL),
(4193, 419, 'Ward No-06', NULL),
(4194, 419, 'Ward No-07', NULL),
(4195, 91, 'Ward No-07 (Part)', NULL),
(4196, 419, 'Ward No-08', NULL),
(4197, 495, 'Ward No-08 (part)', NULL),
(4198, 419, 'Ward No-09', NULL),
(4199, 495, 'Ward No-09 (Part)', NULL),
(4200, 419, 'Ward No-10', NULL),
(4201, 494, 'Ward No-10 (part)', NULL),
(4202, 419, 'Ward No-11', NULL),
(4203, 498, 'Ward No-11 (Part)', NULL),
(4204, 419, 'Ward No-12', NULL),
(4205, 499, 'Ward No-12 (Part)', NULL),
(4206, 419, 'Ward No-13', NULL),
(4207, 419, 'Ward No-14', NULL),
(4208, 490, 'Ward No-14 (part)', NULL),
(4209, 419, 'Ward No-15', NULL),
(4210, 500, 'Ward No-15 (part)', NULL),
(4211, 131, 'Ward No-15 (Part)', NULL),
(4212, 419, 'Ward No-16', NULL),
(4213, 419, 'Ward No-17', NULL),
(4214, 192, 'Ward No-17 (Part)', NULL),
(4215, 419, 'Ward No-18', NULL),
(4216, 494, 'Ward No-18 (part)', NULL),
(4217, 419, 'Ward No-19', NULL),
(4218, 419, 'Ward No-20', NULL),
(4219, 504, 'Ward No-20 (Part)', NULL),
(4220, 419, 'Ward No-21', NULL),
(4221, 419, 'Ward No-22', NULL),
(4222, 419, 'Ward No-23', NULL),
(4223, 419, 'Ward No-24', NULL),
(4224, 499, 'Ward No-24 (part)', NULL),
(4225, 419, 'Ward No-25', NULL),
(4226, 419, 'Ward No-26', NULL),
(4227, 419, 'Ward No-27', NULL),
(4228, 419, 'Ward No-28', NULL),
(4229, 419, 'Ward No-29', NULL),
(4230, 419, 'Ward No-30', NULL),
(4231, 499, 'Ward No-30 (Part)', NULL),
(4232, 131, 'Ward No-31', NULL),
(4233, 131, 'Ward No-32', NULL),
(4234, 131, 'Ward No-33', NULL),
(4235, 131, 'Ward No-34', NULL),
(4236, 509, 'Ward No-35', NULL),
(4237, 502, 'Ward No-35 (part)', NULL),
(4238, 510, 'Ward No-36', NULL),
(4239, 511, 'Ward No-36 (Part)', NULL),
(4240, 511, 'Ward No-37', NULL),
(4241, 511, 'Ward No-38', NULL),
(4242, 512, 'Ward No-38 (Part)', NULL),
(4243, 512, 'Ward No-39', NULL),
(4244, 511, 'Ward No-39 (Part)', NULL),
(4245, 513, 'Ward No-40', NULL),
(4246, 514, 'Ward No-40 (Part)', NULL),
(4247, 513, 'Ward No-41', NULL),
(4248, 184, 'Ward No-42', NULL),
(4249, 515, 'Ward No-43', NULL),
(4250, 184, 'Ward No-44', NULL),
(4251, 184, 'Ward No-45', NULL),
(4252, 515, 'Ward No-46', NULL),
(4253, 516, 'Ward No-46 (Part)', NULL),
(4254, 184, 'Ward No-47 (part)', NULL),
(4255, 517, 'Ward No-47 (Part)', NULL),
(4256, 517, 'Ward No-48 (Part)', NULL),
(4257, 517, 'Ward No-49', NULL),
(4258, 518, 'Ward No-50', NULL),
(4259, 184, 'Ward No-51 (part)', NULL),
(4260, 518, 'Ward No-51 (Part)', NULL),
(4261, 519, 'Ward No-52', NULL),
(4262, 520, 'Ward No-53', NULL),
(4263, 520, 'Ward No-54', NULL),
(4264, 520, 'Ward No-55', NULL),
(4265, 521, 'Ward No-56 (part)', NULL),
(4266, 522, 'Ward No-56 (Part)', NULL),
(4267, 521, 'Ward No-57', NULL),
(4268, 516, 'Ward No-58', NULL),
(4269, 522, 'Ward No-59', NULL),
(4270, 522, 'Ward No-60', NULL),
(4271, 522, 'Ward No-61', NULL),
(4272, 522, 'Ward No-62', NULL),
(4273, 523, 'Ward No-63 (Part)', NULL),
(4274, 524, 'Ward No-64', NULL),
(4275, 524, 'Ward No-65', NULL),
(4276, 523, 'Ward No-66 (Part)', NULL),
(4277, 523, 'Ward No-67 (part)', NULL),
(4278, 524, 'Ward No-67 (Part)', NULL),
(4279, 523, 'Ward No-68 (part)', NULL),
(4280, 131, 'Ward No-68 (Part)', NULL),
(4281, 523, 'Ward No-69', NULL),
(4282, 523, 'Ward No-70', NULL),
(4283, 523, 'Ward No-71 (Part)', NULL),
(4284, 131, 'Ward No-72', NULL),
(4285, 131, 'Ward No-73', NULL),
(4286, 525, 'Ward No-74', NULL),
(4287, 525, 'Ward No-75', NULL),
(4288, 526, 'Ward No-76 (Part)', NULL),
(4289, 525, 'Ward No-77', NULL),
(4290, 525, 'Ward No-78', NULL),
(4291, 525, 'Ward No-79', NULL),
(4292, 526, 'Ward No-80 (Part)', NULL),
(4293, 526, 'Ward No-81', NULL),
(4294, 526, 'Ward No-82', NULL),
(4295, 527, 'Ward No-83', NULL),
(4296, 462, 'Ward No-84', NULL),
(4297, 462, 'Ward No-85', NULL),
(4298, 462, 'Ward No-86', NULL),
(4299, 527, 'Ward No-87', NULL),
(4300, 463, 'Ward No-88', NULL),
(4301, 463, 'Ward No-89', NULL),
(4302, 527, 'Ward No-90', NULL),
(4303, 522, 'Ward No-91', NULL),
(4304, 522, 'Ward No-92', NULL),
(4305, 450, 'Ward No-98 (rest. Area)', NULL),
(4306, 500, 'Ward No-98 (Rest. Area)', NULL),
(4307, 446, 'West Chitasi', NULL),
(4308, 222, 'Whykong', NULL),
(4309, 440, 'Yakubpur', NULL),
(4310, 98, 'Yearpur', NULL),
(4311, 381, 'Yusufpur', NULL),
(4312, 311, 'Zakiganj', NULL),
(4313, 311, 'Zakiganj Paurashava', NULL),
(4314, 301, 'Zanjira', NULL),
(4315, 301, 'Zanjira Paurashava', NULL),
(4316, 414, 'Zianagar', NULL),
(4317, 38, 'Zindarpur', NULL),
(4318, 28, 'Zinjira', NULL),
(4319, 333, 'Zorwarganj', NULL);

-- --------------------------------------------------------

--
-- Table structure for table `upazilas`
--

CREATE TABLE `upazilas` (
  `id` int(11) NOT NULL,
  `district_id` int(11) DEFAULT NULL,
  `name` varchar(255) DEFAULT NULL,
  `name_bn` varchar(255) DEFAULT NULL
) ENGINE=InnoDB DEFAULT CHARSET=utf8mb4 COLLATE=utf8mb4_general_ci;

--
-- Dumping data for table `upazilas`
--

INSERT INTO `upazilas` (`id`, `district_id`, `name`, `name_bn`) VALUES
(1, 1, 'Shailkupa', NULL),
(2, 2, 'Tongibari', NULL),
(3, 3, 'Char Fasson', NULL),
(4, 4, 'Fatikchhari', NULL),
(5, 5, 'Kushtia Sadar', NULL),
(6, 6, 'Chirirbandar', NULL),
(7, 7, 'Nandail', NULL),
(8, 7, 'Fulbaria', NULL),
(9, 7, 'Gauripur', NULL),
(10, 8, 'Katiadi', NULL),
(11, 9, 'Bauphal', NULL),
(12, 5, 'Daulatpur', NULL),
(13, 10, 'Madhabpur', NULL),
(14, 11, 'Adamdighi', NULL),
(15, 8, 'Austagram', NULL),
(16, 12, 'Kamalganj', NULL),
(17, 13, 'Madarganj', NULL),
(18, 14, 'Barura', NULL),
(19, 15, 'Badalgachhi', NULL),
(20, 2, 'Munshiganj Sadar', NULL),
(21, 4, 'Lohagara', NULL),
(22, 16, 'Roypura', NULL),
(23, 14, 'Nangalkot', NULL),
(24, 13, 'Melandaha', NULL),
(25, 17, 'Kanthalia', NULL),
(26, 18, 'Langadu', NULL),
(27, 19, 'Sunamganj Sadar', NULL),
(28, 20, 'Keraniganj', NULL),
(29, 8, 'Bhairab', NULL),
(30, 21, 'Satkhira Sadar', NULL),
(31, 22, 'Babuganj', NULL),
(32, 23, 'Purbadhala', NULL),
(33, 20, 'Nawabganj', NULL),
(34, 15, 'Dhamoirhat', NULL),
(35, 24, 'Sujanagar', NULL),
(36, 4, 'Boalkhali', NULL),
(37, 10, 'Chunarughat', NULL),
(38, 25, 'Kalai', NULL),
(39, 15, 'Atrai', NULL),
(40, 18, 'Barkal', NULL),
(41, 15, 'Sapahar', NULL),
(42, 26, 'Rupsa', NULL),
(43, 27, 'Mirzapur', NULL),
(44, 14, 'Laksam', NULL),
(45, 10, 'Ajmiriganj', NULL),
(46, 26, 'Terokhada', NULL),
(47, 15, 'Patnitala', NULL),
(48, 28, 'Thakurgaon Sadar', NULL),
(49, 12, 'Maulvi Bazar Sadar', NULL),
(50, 29, 'Akhaura', NULL),
(51, 25, 'Akkelpur', NULL),
(52, 30, 'Sadarpur', NULL),
(53, 7, 'Mymensingh Sadar', NULL),
(54, 14, 'Muradnagar', NULL),
(55, 6, 'Fulbari', NULL),
(56, 31, 'Gangachara', NULL),
(57, 32, 'Alamdanga', NULL),
(58, 27, 'Gopalpur', NULL),
(59, 25, 'Khetlal', NULL),
(60, 31, 'Taraganj', NULL),
(61, 33, 'Bishwanath', NULL),
(62, 34, 'Nawabganj Sadar', NULL),
(63, 30, 'Alfadanga', NULL),
(64, 30, 'Bhanga', NULL),
(65, 35, 'Kutubdia', NULL),
(66, 30, 'Faridpur Sadar', NULL),
(67, 6, 'Hakimpur', NULL),
(68, 36, 'Alikadam', NULL),
(69, 36, 'Rowangchhari', NULL),
(70, 22, 'Mehendiganj', NULL),
(71, 3, 'Bhola Sadar', NULL),
(72, 37, 'Kalkini', NULL),
(73, 34, 'Gomastapur', NULL),
(74, 33, 'Beani Bazar', NULL),
(75, 9, 'Dashmina', NULL),
(76, 38, 'Rajbari Sadar', NULL),
(77, 39, 'Narayanganj Sadar', NULL),
(78, 33, 'Gowainghat', NULL),
(79, 14, 'Chauddagram', NULL),
(80, 16, 'Narsingdi Sadar', NULL),
(81, 27, 'Madhupur', NULL),
(82, 32, 'Chuadanga Sadar', NULL),
(83, 6, 'Khansama', NULL),
(84, 40, 'Atwari', NULL),
(85, 41, 'Begumganj', NULL),
(86, 26, 'Koyra', NULL),
(87, 42, 'Sreepur', NULL),
(88, 4, 'Sandwip', NULL),
(89, 40, 'Panchagarh Sadar', NULL),
(90, 5, 'Khoksa', NULL),
(91, 5, 'Mirpur', NULL),
(92, 41, 'Sonaimuri', NULL),
(93, 43, 'Meherpur Sadar', NULL),
(94, 25, 'Joypurhat Sadar', NULL),
(95, 28, 'Haripur', NULL),
(96, 37, 'Rajoir', NULL),
(97, 4, 'Satkania', NULL),
(98, 20, 'Savar', NULL),
(99, 44, 'Sonagazi', NULL),
(100, 7, 'Trishal', NULL),
(101, 26, 'Batiaghata', NULL),
(102, 44, 'Fulgazi', NULL),
(103, 28, 'Baliadangi', NULL),
(104, 9, 'Galachipa', NULL),
(105, 16, 'Belabo', NULL),
(106, 9, 'Mirzaganj', NULL),
(107, 45, 'Mathbaria', NULL),
(108, 45, 'Kawkhali', NULL),
(109, 14, 'Comilla Adarsha Sadar', NULL),
(110, 11, 'Shajahanpur', NULL),
(111, 20, 'Dhamrai', NULL),
(112, 7, 'Haluaghat', NULL),
(113, 23, 'Netrokona Sadar', NULL),
(114, 46, 'Amtali', NULL),
(115, 47, 'Matiranga', NULL),
(116, 18, 'Baghai Chhari', NULL),
(117, 48, 'Kotali Para', NULL),
(118, 33, 'Golabganj', NULL),
(119, 41, 'Noakhali Sadar (Sudharam)', NULL),
(120, 49, 'Bhurungamari', NULL),
(121, 32, 'Jiban Nagar', NULL),
(122, 27, 'Ghatail', NULL),
(123, 9, 'Dumki', NULL),
(124, 50, 'Shariatpur Sadar', NULL),
(125, 31, 'Pirgachha', NULL),
(126, 4, 'Anowara', NULL),
(127, 21, 'Assasuni', NULL),
(128, 25, 'Panchbibi', NULL),
(129, 13, 'Sarishabari', NULL),
(130, 29, 'Sarail', NULL),
(131, 51, 'Kotwali', NULL),
(132, 8, 'Hossainpur', NULL),
(133, 39, 'Araihazar', NULL),
(134, 29, 'Ashuganj', NULL),
(135, 52, 'Bagha', NULL),
(136, 53, 'Lalpur', NULL),
(137, 27, 'Bhuapur', NULL),
(138, 41, 'Senbagh', NULL),
(139, 42, 'Shalikha', NULL),
(140, 50, 'Bhedarganj', NULL),
(141, 54, 'Shibalaya', NULL),
(142, 14, 'Homna', NULL),
(143, 19, 'Jagannathpur', NULL),
(144, 12, 'Sreemangal', NULL),
(145, 55, 'Chandpur Sadar', NULL),
(146, 55, 'Kachua', NULL),
(147, 24, 'Bhangura', NULL),
(148, 49, 'Chilmari', NULL),
(149, 4, 'Patiya', NULL),
(150, 6, 'Dinajpur Sadar', NULL),
(151, 23, 'Barhatta', NULL),
(152, 23, 'Kendua', NULL),
(153, 56, 'Kaliakair', NULL),
(154, 24, 'Pabna Sadar', NULL),
(155, 24, 'Santhia', NULL),
(156, 14, 'Chandina', NULL),
(157, 6, 'Bochaganj', NULL),
(158, 19, 'Sulla', NULL),
(159, 30, 'Saltha', NULL),
(160, 45, 'Nesarabad (Swarupkati)', NULL),
(161, 24, 'Atgharia', NULL),
(162, 7, 'Ishwarganj', NULL),
(163, 42, 'Magura Sadar', NULL),
(164, 27, 'Delduar', NULL),
(165, 54, 'Manikganj Sadar', NULL),
(166, 57, 'Mollahat', NULL),
(167, 26, 'Dumuria', NULL),
(168, 11, 'Shibganj', NULL),
(169, 2, 'Sreenagar', NULL),
(170, 26, 'Khan Jahan Ali', NULL),
(171, 21, 'Shyamnagar', NULL),
(172, 52, 'Baghmara', NULL),
(173, 9, 'Patuakhali Sadar', NULL),
(174, 58, 'Narail Sadar', NULL),
(175, 10, 'Nabiganj', NULL),
(176, 46, 'Barguna Sadar', NULL),
(177, 16, 'Shibpur', NULL),
(178, 1, 'Maheshpur', NULL),
(179, 54, 'Harirampur', NULL),
(180, 6, 'Biral', NULL),
(181, 36, 'Lama', NULL),
(182, 58, 'Kalia', NULL),
(183, 47, 'Dighinala', NULL),
(184, 42, 'Mohammadpur', NULL),
(185, 38, 'Pangsha', NULL),
(186, 28, 'Ranisankail', NULL),
(187, 29, 'Kasba', NULL),
(188, 41, 'Chatkhil', NULL),
(189, 31, 'Badarganj', NULL),
(190, 35, 'Chakaria', NULL),
(191, 3, 'Lalmohan', NULL),
(192, 20, 'Badda', NULL),
(193, 52, 'Tanore', NULL),
(194, 59, 'Gaibandha Sadar', NULL),
(195, 8, 'Itna', NULL),
(196, 51, 'Sharsha', NULL),
(197, 55, 'Matlab Uttar', NULL),
(198, 13, 'Bakshiganj', NULL),
(199, 30, 'Madhukhali', NULL),
(200, 53, 'Bagati Para', NULL),
(201, 22, 'Agailjhara', NULL),
(202, 57, 'Bagerhat Sadar', NULL),
(203, 60, 'Sirajganj Sadar', NULL),
(204, 7, 'Dhobaura', NULL),
(205, 61, 'Nalitabari', NULL),
(206, 51, 'Bagher Para', NULL),
(207, 27, 'Tangail Sadar', NULL),
(208, 14, 'Comilla Sadar Dakshin', NULL),
(209, 51, 'Abhaynagar', NULL),
(210, 4, 'Raozan', NULL),
(211, 43, 'Mujib Nagar', NULL),
(212, 5, 'Kumarkhali', NULL),
(213, 60, 'Chauhali', NULL),
(214, 13, 'Dewanganj', NULL),
(215, 37, 'Madaripur Sadar', NULL),
(216, 5, 'Bheramara', NULL),
(217, 15, 'Niamatpur', NULL),
(218, 56, 'Kaliganj', NULL),
(219, 62, 'Kishoreganj', NULL),
(220, 57, 'Morrelganj', NULL),
(221, 4, 'Banshkhali', NULL),
(222, 35, 'Teknaf', NULL),
(223, 38, 'Balia Kandi', NULL),
(224, 27, 'Sakhipur', NULL),
(225, 57, 'Fakirhat', NULL),
(226, 10, 'Bahubal', NULL),
(227, 48, 'Muksudpur', NULL),
(228, 39, 'Sonargaon', NULL),
(229, 4, 'Chandanaish', NULL),
(230, 57, 'Rampal', NULL),
(231, 8, 'Mithamain', NULL),
(232, 28, 'Pirganj', NULL),
(233, 22, 'Banari Para', NULL),
(234, 36, 'Naikhongchhari', NULL),
(235, 14, 'Manoharganj', NULL),
(236, 61, 'Sherpur Sadar', NULL),
(237, 8, 'Bajitpur', NULL),
(238, 26, 'Dacope', NULL),
(239, 23, 'Durgapur', NULL),
(240, 55, 'Hajiganj', NULL),
(241, 44, 'Parshuram', NULL),
(242, 52, 'Mohanpur', NULL),
(243, 14, 'Burichang', NULL),
(244, 15, 'Naogaon Sadar', NULL),
(245, 62, 'Dimla', NULL),
(246, 33, 'Balaganj', NULL),
(247, 62, 'Jaldhaka', NULL),
(248, 14, 'Titas', NULL),
(249, 31, 'Mitha Pukur', NULL),
(250, 54, 'Singair', NULL),
(251, 45, 'Zianagar', NULL),
(252, 7, 'Phulpur', NULL),
(253, 11, 'Gabtali', NULL),
(254, 54, 'Ghior', NULL),
(255, 9, 'Kala Para', NULL),
(256, 54, 'Saturia', NULL),
(257, 27, 'Dhanbari', NULL),
(258, 44, 'Feni Sadar', NULL),
(259, 19, 'Tahirpur', NULL),
(260, 36, 'Thanchi', NULL),
(261, 27, 'Kalihati', NULL),
(262, 49, 'Nageshwari', NULL),
(263, 11, 'Sonatola', NULL),
(264, 2, 'Gazaria', NULL),
(265, 1, 'Kotchandpur', NULL),
(266, 18, 'Rangamati Sadar', NULL),
(267, 2, 'Serajdikhan', NULL),
(268, 10, 'Lakhai', NULL),
(269, 59, 'Sundarganj', NULL),
(270, 43, 'Gangni', NULL),
(271, 46, 'Bamna', NULL),
(272, 63, 'Roypur', NULL),
(273, 22, 'Wazirpur', NULL),
(274, 62, 'Domar', NULL),
(275, 59, 'Sadullapur', NULL),
(276, 49, 'Raumari', NULL),
(277, 39, 'Bandar', NULL),
(278, 36, 'Bandarban Sadar', NULL),
(279, 37, 'Shib Char', NULL),
(280, 52, 'Puthia', NULL),
(281, 61, 'Nakla', NULL),
(282, 63, 'Lakshmipur Sadar', NULL),
(283, 60, 'Ullah Para', NULL),
(284, 18, 'Rajasthali', NULL),
(285, 62, 'Saidpur', NULL),
(286, 19, 'Dowarabazar', NULL),
(287, 40, 'Tentulia', NULL),
(288, 23, 'Atpara', NULL),
(289, 18, 'Jurai Chhari', NULL),
(290, 51, 'Jhikargachha', NULL),
(291, 53, 'Baraigram', NULL),
(292, 4, 'Sitakunda', NULL),
(293, 13, 'Jamalpur Sadar', NULL),
(294, 24, 'Faridpur', NULL),
(295, 35, 'Pekua', NULL),
(296, 57, 'Chitalmari', NULL),
(297, 49, 'Phulbari', NULL),
(298, 16, 'Manohardi', NULL),
(299, 33, 'Kanaighat', NULL),
(300, 60, 'Belkuchi', NULL),
(301, 50, 'Zanjira', NULL),
(302, 53, 'Natore Sadar', NULL),
(303, 22, 'Hizla', NULL),
(304, 23, 'Kalmakanda', NULL),
(305, 63, 'Ramgati', NULL),
(306, 35, 'Maheshkhali', NULL),
(307, 3, 'Tazumuddin', NULL),
(308, 3, 'Burhanuddin', NULL),
(309, 14, 'Debidwar', NULL),
(310, 40, 'Boda', NULL),
(311, 33, 'Zakiganj', NULL),
(312, 64, 'Lalmonirhat Sadar', NULL),
(313, 7, 'Gaffargaon', NULL),
(314, 52, 'Paba', NULL),
(315, 8, 'Karimganj', NULL),
(316, 7, 'Muktagachha', NULL),
(317, 33, 'Dakshin Surma', NULL),
(318, 29, 'Nabinagar', NULL),
(319, 10, 'Baniachong', NULL),
(320, 14, 'Meghna', NULL),
(321, 64, 'Hatibandha', NULL),
(322, 26, 'Dighalia', NULL),
(323, 12, 'Kulaura', NULL),
(324, 14, 'Daudkandi', NULL),
(325, 23, 'Mohanganj', NULL),
(326, 15, 'Raninagar', NULL),
(327, 56, 'Gazipur Sadar', NULL),
(328, 59, 'Palashbari', NULL),
(329, 56, 'Kapasia', NULL),
(330, 12, 'Barlekha', NULL),
(331, 47, 'Lakshmichhari', NULL),
(332, 48, 'Tungi Para', NULL),
(333, 4, 'Mirsharai', NULL),
(334, 22, 'Gaurnadi', NULL),
(335, 8, 'Pakundia', NULL),
(336, 60, 'Tarash', NULL),
(337, 17, 'Rajapur', NULL),
(338, 27, 'Basail', NULL),
(339, 17, 'Jhalokati Sadar', NULL),
(340, 29, 'Brahmanbaria Sadar', NULL),
(341, 52, 'Godagari', NULL),
(342, 41, 'Companiganj', NULL),
(343, 41, 'Kabirhat', NULL),
(344, 22, 'Muladi', NULL),
(345, 47, 'Manikchhari', NULL),
(346, 8, 'Kishoreganj Sadar', NULL),
(347, 48, 'Gopalganj Sadar', NULL),
(348, 2, 'Lohajang', NULL),
(349, 64, 'Patgram', NULL),
(350, 49, 'Ulipur', NULL),
(351, 19, 'Jamalganj', NULL),
(352, 27, 'Nagarpur', NULL),
(353, 18, 'Belai Chhari', NULL),
(354, 6, 'Parbatipur', NULL),
(355, 13, 'Islampur', NULL),
(356, 49, 'Kurigram Sadar', NULL),
(357, 60, 'Shahjadpur', NULL),
(358, 6, 'Birampur', NULL),
(359, 24, 'Bera', NULL),
(360, 46, 'Betagi', NULL),
(361, 4, 'Rangunia', NULL),
(362, 18, 'Kawkhali (Betbunia)', NULL),
(363, 48, 'Kashiani', NULL),
(364, 3, 'Daulatkhan', NULL),
(365, 11, 'Sherpur', NULL),
(366, 64, 'Aditmari', NULL),
(367, 60, 'Kamarkhanda', NULL),
(368, 63, 'Ramganj', NULL),
(369, 47, 'Khagrachhari Sadar', NULL),
(370, 15, 'Manda', NULL),
(371, 7, 'Bhaluka', NULL),
(372, 11, 'Dhunat', NULL),
(373, 45, 'Bhandaria', NULL),
(374, 22, 'Bakerganj', NULL),
(375, 17, 'Nalchity', NULL),
(376, 59, 'Saghatta', NULL),
(377, 35, 'Cox\'s Bazar Sadar', NULL),
(378, 19, 'Chhatak', NULL),
(379, 11, 'Nandigram', NULL),
(380, 19, 'Derai', NULL),
(381, 52, 'Charghat', NULL),
(382, 1, 'Harinakunda', NULL),
(383, 11, 'Sariakandi', NULL),
(384, 61, 'Sreebardi', NULL),
(385, 15, 'Mahadebpur', NULL),
(386, 6, 'Birganj', NULL),
(387, 50, 'Naria', NULL),
(388, 51, 'Manirampur', NULL),
(389, 39, 'Rupganj', NULL),
(390, 34, 'Bholahat', NULL),
(391, 53, 'Gurudaspur', NULL),
(392, 49, 'Rajarhat', NULL),
(393, 51, 'Keshabpur', NULL),
(394, 20, 'Dohar', NULL),
(395, 24, 'Chatmohar', NULL),
(396, 11, 'Kahaloo', NULL),
(397, 29, 'Bijoynagar', NULL),
(398, 38, 'Kalukhali', NULL),
(399, 30, 'Boalmari', NULL),
(400, 11, 'Bogra Sadar', NULL),
(401, 29, 'Nasirnagar', NULL),
(402, 60, 'Royganj', NULL),
(403, 14, 'Brahman Para', NULL),
(404, 6, 'Ghoraghat', NULL),
(405, 18, 'Naniarchar', NULL),
(406, 4, 'Hathazari', NULL),
(407, 41, 'Hatiya', NULL),
(408, 57, 'Mongla', NULL),
(409, 35, 'Ramu', NULL),
(410, 23, 'Khaliajuri', NULL),
(411, 60, 'Kazipur', NULL),
(412, 19, 'Dharampasha', NULL),
(413, 53, 'Singra', NULL),
(414, 11, 'Dhupchanchia', NULL),
(415, 31, 'Rangpur Sadar', NULL),
(416, 21, 'Kalaroa', NULL),
(417, 23, 'Madan', NULL),
(418, 26, 'Paikgachha', NULL),
(419, 22, 'Barisal Sadar (Kotwali)', NULL),
(420, 18, 'Kaptai', NULL),
(421, 62, 'Nilphamari Sadar', NULL),
(422, 41, 'Subarnachar', NULL),
(423, 30, 'Char Bhadrasan', NULL),
(424, 55, 'Haim Char', NULL),
(425, 46, 'Patharghata', NULL),
(426, 63, 'Kamalnagar', NULL),
(427, 30, 'Nagarkanda', NULL),
(428, 49, 'Char Rajibpur', NULL),
(429, 16, 'Palash', NULL),
(430, 33, 'Jaintiapur', NULL),
(431, 51, 'Chaugachha', NULL),
(432, 47, 'Panchhari', NULL),
(433, 44, 'Chhagalnaiya', NULL),
(434, 15, 'Porsha', NULL),
(435, 8, 'Nikli', NULL),
(436, 8, 'Kuliar Char', NULL),
(437, 38, 'Goalandaghat', NULL),
(438, 40, 'Debiganj', NULL),
(439, 6, 'Kaharole', NULL),
(440, 44, 'Daganbhuiyan', NULL),
(441, 55, 'Matlab Dakshin', NULL),
(442, 19, 'Bishwambarpur', NULL),
(443, 29, 'Banchharampur', NULL),
(444, 55, 'Faridganj', NULL),
(445, 57, 'Sarankhola', NULL),
(446, 55, 'Shahrasti', NULL),
(447, 3, 'Manpura', NULL),
(448, 20, 'Khilgaon', NULL),
(449, 20, 'Sabujbagh', NULL),
(450, 20, 'Biman Bandar', NULL),
(451, 20, 'Khilkhet', NULL),
(452, 20, 'Dakshinkhan', NULL),
(453, 8, 'Tarail', NULL),
(454, 26, 'Phultala', NULL),
(455, 50, 'Damudya', NULL),
(456, 32, 'Damurhuda', NULL),
(457, 59, 'Gobindaganj', NULL),
(458, 24, 'Ishwardi', NULL),
(459, 21, 'Debhata', NULL),
(460, 20, 'Demra', NULL),
(461, 21, 'Tala', NULL),
(462, 20, 'Jatrabari', NULL),
(463, 20, 'Kadamtali', NULL),
(464, 61, 'Jhenaigati', NULL),
(465, 45, 'Nazirpur', NULL),
(466, 1, 'Jhenaidah Sadar', NULL),
(467, 19, 'Dakshin Sunamganj', NULL),
(468, 45, 'Pirojpur Sadar', NULL),
(469, 59, 'Fulchhari', NULL),
(470, 34, 'Nachole', NULL),
(471, 12, 'Rajnagar', NULL),
(472, 33, 'Fenchuganj', NULL),
(473, 12, 'Juri', NULL),
(474, 50, 'Gosairhat', NULL),
(475, 36, 'Ruma', NULL),
(476, 10, 'Habiganj Sadar', NULL),
(477, 35, 'Ukhia', NULL),
(478, 47, 'Ramgarh', NULL),
(479, 31, 'Kaunia', NULL),
(480, 20, 'Turag', NULL),
(481, 33, 'Sylhet Sadar', NULL),
(482, 47, 'Mahalchhari', NULL),
(483, 20, 'Kamrangir Char', NULL),
(484, 20, 'Uttar Khan', NULL),
(485, 4, 'Bayejid Bostami', NULL),
(486, 20, 'Uttara', NULL),
(487, 52, 'Rajpara', NULL),
(488, 20, 'Pallabi', NULL),
(489, 4, 'Chandgaon', NULL),
(490, 20, 'Kafrul', NULL),
(491, 4, 'Panchlaish', NULL),
(492, 26, 'Khalishpur', NULL),
(493, 20, 'Shah Ali', NULL),
(494, 52, 'Boalia', NULL),
(495, 4, 'Khulshi', NULL),
(496, 20, 'Darus Salam', NULL),
(497, 4, 'Pahartali', NULL),
(498, 4, 'Halishahar', NULL),
(499, 4, 'Double Mooring', NULL),
(500, 20, 'Cantonment', NULL),
(501, 26, 'Sonadanga', NULL),
(502, 4, 'Bakalia', NULL),
(503, 52, 'Shah Makhdum', NULL),
(504, 20, 'Gulshan', NULL),
(505, 20, 'Tejgaon Ind. Area', NULL),
(506, 26, 'Khulna Sadar', NULL),
(507, 20, 'Rampura', NULL),
(508, 52, 'Matihar', NULL),
(509, 20, 'Motijheel', NULL),
(510, 20, 'Paltan', NULL),
(511, 4, 'Chittagong Port', NULL),
(512, 20, 'Tejgaon', NULL),
(513, 4, 'Patenga', NULL),
(514, 20, 'Sher-e-bangla Nagar', NULL),
(515, 20, 'Adabor', NULL),
(516, 20, 'Hazaribagh', NULL),
(517, 20, 'Dhanmondi', NULL),
(518, 20, 'Kalabagan', NULL),
(519, 20, 'New Market', NULL),
(520, 20, 'Ramna', NULL),
(521, 20, 'Shahbagh', NULL),
(522, 20, 'Lalbagh', NULL),
(523, 20, 'Bangshal', NULL),
(524, 20, 'Chak Bazar', NULL),
(525, 20, 'Sutrapur', NULL),
(526, 20, 'Gendaria', NULL),
(527, 20, 'Shyampur', NULL);

-- --------------------------------------------------------

--
-- Table structure for table `users`
--

CREATE TABLE `users` (
  `id` int(11) NOT NULL,
  `employee_id` varchar(255) NOT NULL,
  `company_id` int(11) DEFAULT NULL,
  `location_id` int(11) DEFAULT NULL,
  `area_id` int(11) DEFAULT NULL,
  `name` varchar(100) DEFAULT NULL,
  `fingerprint_template` longblob DEFAULT NULL,
  `email` varchar(100) DEFAULT NULL,
  `msisdn` varchar(15) DEFAULT NULL,
  `password` varchar(255) NOT NULL,
  `isActive` tinyint(1) DEFAULT 1,
  `gender` enum('Male','Female','Other') DEFAULT NULL,
  `avatar` varchar(255) DEFAULT NULL,
  `createdBy` int(11) DEFAULT NULL,
  `createdAt` datetime NOT NULL,
  `updatedAt` datetime NOT NULL,
  `department_id` int(11) DEFAULT NULL,
  `team_id` int(11) DEFAULT NULL,
  `territory_id` int(11) DEFAULT NULL,
  `designation_id` int(11) DEFAULT NULL,
  `joining_date` date DEFAULT NULL,
  `rff_point_id` int(11) DEFAULT NULL
) ENGINE=InnoDB DEFAULT CHARSET=utf8mb4 COLLATE=utf8mb4_general_ci;

--
-- Dumping data for table `users`
--

INSERT INTO `users` (`id`, `employee_id`, `company_id`, `location_id`, `area_id`, `name`, `fingerprint_template`, `email`, `msisdn`, `password`, `isActive`, `gender`, `avatar`, `createdBy`, `createdAt`, `updatedAt`, `department_id`, `team_id`, `territory_id`, `designation_id`, `joining_date`, `rff_point_id`) VALUES
(1, 'EMP95241', NULL, NULL, NULL, 'Super Admin', NULL, 'super_admin@gmail.com', NULL, '$2a$10$eN0p2BWhaQtu40Ohokvl/u33xjPzu9UcLY8DZl/4hHQHDIBR.pDv6', 1, NULL, NULL, NULL, '2025-11-27 05:58:31', '2025-11-27 05:58:31', NULL, NULL, NULL, NULL, NULL, NULL),
(2, 'EMP46842', NULL, NULL, NULL, 'Admin', NULL, 'admin@gmail.com', NULL, '$2a$10$eN0p2BWhaQtu40Ohokvl/uLGGxTZWKmP1hZnGq0ErBUYXZleokQ.K', 1, NULL, NULL, NULL, '2025-11-27 05:58:31', '2025-11-27 05:58:31', NULL, NULL, NULL, NULL, NULL, NULL),
(3, '123123', NULL, NULL, NULL, 'asdf', NULL, 'asdf@gmail.com', '01876626013', '$2a$10$Np/i4b3ZQdJ8uILKCBhMoOZvruwMShzrn.mmydCaXOoN7Xb4nqjiS', 1, NULL, NULL, 1, '2025-11-27 06:01:30', '2025-11-27 06:01:30', NULL, NULL, NULL, NULL, NULL, NULL);

-- --------------------------------------------------------

--
-- Table structure for table `user_documents`
--

CREATE TABLE `user_documents` (
  `id` int(11) NOT NULL,
  `user_id` int(11) NOT NULL,
  `image` varchar(255) DEFAULT NULL COMMENT 'Profile image file path',
  `cv` varchar(255) DEFAULT NULL COMMENT 'CV/Resume file path',
  `nid` varchar(255) DEFAULT NULL COMMENT 'National ID document file path',
  `passport` varchar(255) DEFAULT NULL COMMENT 'Passport document file path',
  `driving_license` varchar(255) DEFAULT NULL COMMENT 'Driving license file path',
  `birth_certificate` varchar(255) DEFAULT NULL COMMENT 'Birth certificate file path',
  `job_clearance` varchar(255) DEFAULT NULL COMMENT 'Job clearance certificate file path',
  `experience_certificate` varchar(255) DEFAULT NULL COMMENT 'Experience certificate file path',
  `salary_certificate` varchar(255) DEFAULT NULL COMMENT 'Previous salary certificate file path',
  `educational_docs` varchar(255) DEFAULT NULL COMMENT 'Educational certificates file path',
  `degree_certificate` varchar(255) DEFAULT NULL COMMENT 'Degree certificate file path',
  `transcript` varchar(255) DEFAULT NULL COMMENT 'Academic transcript file path',
  `guarantor_docs` varchar(255) DEFAULT NULL COMMENT 'Guarantor documents file path',
  `guarantor_nid` varchar(255) DEFAULT NULL COMMENT 'Guarantor NID file path',
  `parents_nid` varchar(255) DEFAULT NULL COMMENT 'Parents NID documents file path',
  `spouse_nid` varchar(255) DEFAULT NULL COMMENT 'Spouse NID file path',
  `medical_certificate` varchar(255) DEFAULT NULL COMMENT 'Medical fitness certificate file path',
  `vaccination_certificate` varchar(255) DEFAULT NULL COMMENT 'Vaccination certificate file path',
  `bank_statement` varchar(255) DEFAULT NULL COMMENT 'Bank statement file path',
  `cheque_leaf` varchar(255) DEFAULT NULL COMMENT 'Bank cheque leaf file path',
  `verification_status` enum('pending','verified','rejected','incomplete') NOT NULL DEFAULT 'pending',
  `verified_by` int(11) DEFAULT NULL,
  `verified_at` datetime DEFAULT NULL,
  `verification_notes` text DEFAULT NULL COMMENT 'Notes from document verification',
  `createdAt` datetime NOT NULL,
  `updatedAt` datetime NOT NULL
) ENGINE=InnoDB DEFAULT CHARSET=utf8mb4 COLLATE=utf8mb4_general_ci;

-- --------------------------------------------------------

--
-- Table structure for table `user_holidays`
--

CREATE TABLE `user_holidays` (
  `id` int(11) NOT NULL,
  `user_id` int(11) DEFAULT NULL,
  `holiday_id` int(11) DEFAULT NULL,
  `is_applicable` tinyint(1) DEFAULT 1,
  `createdAt` datetime NOT NULL,
  `updatedAt` datetime NOT NULL
) ENGINE=InnoDB DEFAULT CHARSET=utf8mb4 COLLATE=utf8mb4_general_ci;

-- --------------------------------------------------------

--
-- Table structure for table `user_personal_details`
--

CREATE TABLE `user_personal_details` (
  `id` int(11) NOT NULL,
  `user_id` int(11) NOT NULL,
  `dob` date DEFAULT NULL COMMENT 'Date of Birth',
  `blood_group` enum('A+','A-','B+','B-','AB+','AB-','O+','O-') DEFAULT NULL,
  `marital_status` enum('single','married','divorced','widowed') DEFAULT NULL,
  `identification_type` enum('nid','passport','driving_license','birth_certificate') DEFAULT NULL,
  `identification_no` varchar(50) DEFAULT NULL,
  `disability` enum('none','physical','visual','hearing','intellectual','other') DEFAULT 'none',
  `total_experience` double DEFAULT NULL COMMENT '1,0.5',
  `account_type` enum('bank','mfs') DEFAULT NULL,
  `account_no` varchar(50) DEFAULT NULL,
  `rff_point` varchar(50) DEFAULT NULL COMMENT 'RFF Point code',
  `rff_sub_code` varchar(50) DEFAULT NULL COMMENT 'RFF Sub code',
  `emergency_contact_phone` varchar(15) DEFAULT NULL,
  `present_address` text DEFAULT NULL,
  `permanent_address` text DEFAULT NULL,
  `createdAt` datetime NOT NULL,
  `updatedAt` datetime NOT NULL
) ENGINE=InnoDB DEFAULT CHARSET=utf8mb4 COLLATE=utf8mb4_general_ci;

-- --------------------------------------------------------

--
-- Table structure for table `user_roles`
--

CREATE TABLE `user_roles` (
  `id` int(11) NOT NULL,
  `user_id` int(11) DEFAULT NULL,
  `role_id` int(11) DEFAULT NULL,
  `createdAt` datetime NOT NULL,
  `updatedAt` datetime NOT NULL
) ENGINE=InnoDB DEFAULT CHARSET=utf8mb4 COLLATE=utf8mb4_general_ci;

--
-- Dumping data for table `user_roles`
--

INSERT INTO `user_roles` (`id`, `user_id`, `role_id`, `createdAt`, `updatedAt`) VALUES
(1, 1, 1, '2025-11-27 05:58:31', '2025-11-27 05:58:31'),
(2, 2, 2, '2025-11-27 05:58:31', '2025-11-27 05:58:31'),
(3, 3, 3, '2025-11-27 06:01:30', '2025-11-27 06:01:30');

-- --------------------------------------------------------

--
-- Table structure for table `volunteers`
--

CREATE TABLE `volunteers` (
  `id` int(11) NOT NULL,
  `user_id` int(11) DEFAULT NULL,
  `location` varchar(255) DEFAULT NULL,
  `expertise_in` varchar(255) DEFAULT NULL,
  `experience_year` int(11) DEFAULT NULL,
  `createdAt` datetime NOT NULL,
  `updatedAt` datetime NOT NULL
) ENGINE=InnoDB DEFAULT CHARSET=utf8mb4 COLLATE=utf8mb4_general_ci;

-- --------------------------------------------------------

--
-- Table structure for table `volunteer_teams`
--

CREATE TABLE `volunteer_teams` (
  `id` int(11) NOT NULL,
  `name` varchar(255) NOT NULL,
  `leader_id` int(11) DEFAULT NULL,
  `description` text DEFAULT NULL,
  `type` varchar(255) DEFAULT NULL,
  `location` varchar(255) DEFAULT NULL,
  `created_by` int(11) DEFAULT NULL,
  `status` tinyint(4) DEFAULT 0,
  `createdAt` datetime NOT NULL,
  `updatedAt` datetime NOT NULL
) ENGINE=InnoDB DEFAULT CHARSET=utf8mb4 COLLATE=utf8mb4_general_ci;

-- --------------------------------------------------------

--
-- Table structure for table `volunteer_team_members`
--

CREATE TABLE `volunteer_team_members` (
  `id` int(11) NOT NULL,
  `user_id` int(11) DEFAULT NULL,
  `volunteer_team_id` int(11) DEFAULT NULL,
  `createdAt` datetime NOT NULL,
  `updatedAt` datetime NOT NULL
) ENGINE=InnoDB DEFAULT CHARSET=utf8mb4 COLLATE=utf8mb4_general_ci;

-- --------------------------------------------------------

--
-- Table structure for table `worker_locations`
--

CREATE TABLE `worker_locations` (
  `id` int(11) NOT NULL,
  `user_id` int(11) DEFAULT NULL,
  `company_id` int(11) DEFAULT NULL,
  `area_id` int(11) DEFAULT NULL,
  `address` varchar(255) DEFAULT NULL,
  `metadata` longtext CHARACTER SET utf8mb4 COLLATE utf8mb4_bin DEFAULT NULL CHECK (json_valid(`metadata`)),
  `createdAt` datetime NOT NULL,
  `updatedAt` datetime NOT NULL
) ENGINE=InnoDB DEFAULT CHARSET=utf8mb4 COLLATE=utf8mb4_general_ci;

--
-- Indexes for dumped tables
--

--
-- Indexes for table `app_metadata`
--
ALTER TABLE `app_metadata`
  ADD PRIMARY KEY (`id`);

--
-- Indexes for table `areas`
--
ALTER TABLE `areas`
  ADD PRIMARY KEY (`id`);

--
-- Indexes for table `attendances`
--
ALTER TABLE `attendances`
  ADD PRIMARY KEY (`id`);

--
-- Indexes for table `attendance_devices`
--
ALTER TABLE `attendance_devices`
  ADD PRIMARY KEY (`id`);

--
-- Indexes for table `attendance_policies`
--
ALTER TABLE `attendance_policies`
  ADD PRIMARY KEY (`id`);

--
-- Indexes for table `attendance_policy_histories`
--
ALTER TABLE `attendance_policy_histories`
  ADD PRIMARY KEY (`id`);

--
-- Indexes for table `campaignmilestones`
--
ALTER TABLE `campaignmilestones`
  ADD PRIMARY KEY (`id`),
  ADD KEY `user_id` (`user_id`);

--
-- Indexes for table `campaignmilestonetypes`
--
ALTER TABLE `campaignmilestonetypes`
  ADD PRIMARY KEY (`id`),
  ADD KEY `campaign_milestone_id` (`campaign_milestone_id`),
  ADD KEY `campaign_type_id` (`campaign_type_id`);

--
-- Indexes for table `campaigntypes`
--
ALTER TABLE `campaigntypes`
  ADD PRIMARY KEY (`id`),
  ADD UNIQUE KEY `name` (`name`);

--
-- Indexes for table `candidateprofiles`
--
ALTER TABLE `candidateprofiles`
  ADD PRIMARY KEY (`id`);

--
-- Indexes for table `companies`
--
ALTER TABLE `companies`
  ADD PRIMARY KEY (`id`);

--
-- Indexes for table `company_attendence_policies`
--
ALTER TABLE `company_attendence_policies`
  ADD PRIMARY KEY (`id`);

--
-- Indexes for table `departments`
--
ALTER TABLE `departments`
  ADD PRIMARY KEY (`id`);

--
-- Indexes for table `designations`
--
ALTER TABLE `designations`
  ADD PRIMARY KEY (`id`);

--
-- Indexes for table `districts`
--
ALTER TABLE `districts`
  ADD PRIMARY KEY (`id`);

--
-- Indexes for table `divisions`
--
ALTER TABLE `divisions`
  ADD PRIMARY KEY (`id`);

--
-- Indexes for table `events`
--
ALTER TABLE `events`
  ADD PRIMARY KEY (`id`);

--
-- Indexes for table `event_target_groups`
--
ALTER TABLE `event_target_groups`
  ADD PRIMARY KEY (`id`);

--
-- Indexes for table `event_types`
--
ALTER TABLE `event_types`
  ADD PRIMARY KEY (`id`);

--
-- Indexes for table `files`
--
ALTER TABLE `files`
  ADD PRIMARY KEY (`id`);

--
-- Indexes for table `holidays`
--
ALTER TABLE `holidays`
  ADD PRIMARY KEY (`id`);

--
-- Indexes for table `locations`
--
ALTER TABLE `locations`
  ADD PRIMARY KEY (`id`);

--
-- Indexes for table `permissions`
--
ALTER TABLE `permissions`
  ADD PRIMARY KEY (`id`);

--
-- Indexes for table `rff_points`
--
ALTER TABLE `rff_points`
  ADD PRIMARY KEY (`id`);

--
-- Indexes for table `roles`
--
ALTER TABLE `roles`
  ADD PRIMARY KEY (`id`);

--
-- Indexes for table `role_permissions`
--
ALTER TABLE `role_permissions`
  ADD PRIMARY KEY (`id`);

--
-- Indexes for table `sequelizemeta`
--
ALTER TABLE `sequelizemeta`
  ADD PRIMARY KEY (`name`),
  ADD UNIQUE KEY `name` (`name`);

--
-- Indexes for table `tasks`
--
ALTER TABLE `tasks`
  ADD PRIMARY KEY (`id`);

--
-- Indexes for table `teams`
--
ALTER TABLE `teams`
  ADD PRIMARY KEY (`id`);

--
-- Indexes for table `territories`
--
ALTER TABLE `territories`
  ADD PRIMARY KEY (`id`);

--
-- Indexes for table `unions`
--
ALTER TABLE `unions`
  ADD PRIMARY KEY (`id`);

--
-- Indexes for table `upazilas`
--
ALTER TABLE `upazilas`
  ADD PRIMARY KEY (`id`);

--
-- Indexes for table `users`
--
ALTER TABLE `users`
  ADD PRIMARY KEY (`id`),
  ADD UNIQUE KEY `idx_users_employee_id` (`employee_id`),
  ADD UNIQUE KEY `email` (`email`),
  ADD UNIQUE KEY `msisdn` (`msisdn`),
  ADD KEY `idx_users_company_id` (`company_id`),
  ADD KEY `idx_users_department_id` (`department_id`),
  ADD KEY `idx_users_location_id` (`location_id`),
  ADD KEY `idx_users_territory_id` (`territory_id`),
  ADD KEY `idx_users_rff_point_id` (`rff_point_id`);

--
-- Indexes for table `user_documents`
--
ALTER TABLE `user_documents`
  ADD PRIMARY KEY (`id`),
  ADD UNIQUE KEY `user_id` (`user_id`),
  ADD UNIQUE KEY `idx_user_documents_user_id` (`user_id`),
  ADD KEY `idx_user_documents_verification_status` (`verification_status`),
  ADD KEY `idx_user_documents_verified_by` (`verified_by`),
  ADD KEY `idx_user_documents_verified_at` (`verified_at`);

--
-- Indexes for table `user_holidays`
--
ALTER TABLE `user_holidays`
  ADD PRIMARY KEY (`id`);

--
-- Indexes for table `user_personal_details`
--
ALTER TABLE `user_personal_details`
  ADD PRIMARY KEY (`id`),
  ADD UNIQUE KEY `user_id` (`user_id`),
  ADD UNIQUE KEY `idx_user_personal_user_id` (`user_id`),
  ADD KEY `idx_user_personal_identification` (`identification_type`,`identification_no`),
  ADD KEY `idx_user_personal_blood_group` (`blood_group`);

--
-- Indexes for table `user_roles`
--
ALTER TABLE `user_roles`
  ADD PRIMARY KEY (`id`);

--
-- Indexes for table `volunteers`
--
ALTER TABLE `volunteers`
  ADD PRIMARY KEY (`id`);

--
-- Indexes for table `volunteer_teams`
--
ALTER TABLE `volunteer_teams`
  ADD PRIMARY KEY (`id`);

--
-- Indexes for table `volunteer_team_members`
--
ALTER TABLE `volunteer_team_members`
  ADD PRIMARY KEY (`id`);

--
-- Indexes for table `worker_locations`
--
ALTER TABLE `worker_locations`
  ADD PRIMARY KEY (`id`);

--
-- AUTO_INCREMENT for dumped tables
--

--
-- AUTO_INCREMENT for table `app_metadata`
--
ALTER TABLE `app_metadata`
  MODIFY `id` int(11) NOT NULL AUTO_INCREMENT;

--
-- AUTO_INCREMENT for table `areas`
--
ALTER TABLE `areas`
  MODIFY `id` int(11) NOT NULL AUTO_INCREMENT;

--
-- AUTO_INCREMENT for table `attendances`
--
ALTER TABLE `attendances`
  MODIFY `id` int(11) NOT NULL AUTO_INCREMENT;

--
-- AUTO_INCREMENT for table `attendance_devices`
--
ALTER TABLE `attendance_devices`
  MODIFY `id` int(11) NOT NULL AUTO_INCREMENT;

--
-- AUTO_INCREMENT for table `attendance_policies`
--
ALTER TABLE `attendance_policies`
  MODIFY `id` int(11) NOT NULL AUTO_INCREMENT;

--
-- AUTO_INCREMENT for table `attendance_policy_histories`
--
ALTER TABLE `attendance_policy_histories`
  MODIFY `id` int(11) NOT NULL AUTO_INCREMENT, AUTO_INCREMENT=4;

--
-- AUTO_INCREMENT for table `campaignmilestones`
--
ALTER TABLE `campaignmilestones`
  MODIFY `id` int(11) NOT NULL AUTO_INCREMENT, AUTO_INCREMENT=17;

--
-- AUTO_INCREMENT for table `campaignmilestonetypes`
--
ALTER TABLE `campaignmilestonetypes`
  MODIFY `id` int(11) NOT NULL AUTO_INCREMENT, AUTO_INCREMENT=12;

--
-- AUTO_INCREMENT for table `campaigntypes`
--
ALTER TABLE `campaigntypes`
  MODIFY `id` int(11) NOT NULL AUTO_INCREMENT, AUTO_INCREMENT=4;

--
-- AUTO_INCREMENT for table `candidateprofiles`
--
ALTER TABLE `candidateprofiles`
  MODIFY `id` int(11) NOT NULL AUTO_INCREMENT;

--
-- AUTO_INCREMENT for table `companies`
--
ALTER TABLE `companies`
  MODIFY `id` int(11) NOT NULL AUTO_INCREMENT;

--
-- AUTO_INCREMENT for table `company_attendence_policies`
--
ALTER TABLE `company_attendence_policies`
  MODIFY `id` int(11) NOT NULL AUTO_INCREMENT;

--
-- AUTO_INCREMENT for table `departments`
--
ALTER TABLE `departments`
  MODIFY `id` int(11) NOT NULL AUTO_INCREMENT;

--
-- AUTO_INCREMENT for table `designations`
--
ALTER TABLE `designations`
  MODIFY `id` int(11) NOT NULL AUTO_INCREMENT;

--
-- AUTO_INCREMENT for table `districts`
--
ALTER TABLE `districts`
  MODIFY `id` int(11) NOT NULL AUTO_INCREMENT, AUTO_INCREMENT=65;

--
-- AUTO_INCREMENT for table `divisions`
--
ALTER TABLE `divisions`
  MODIFY `id` int(11) NOT NULL AUTO_INCREMENT, AUTO_INCREMENT=9;

--
-- AUTO_INCREMENT for table `events`
--
ALTER TABLE `events`
  MODIFY `id` int(11) NOT NULL AUTO_INCREMENT;

--
-- AUTO_INCREMENT for table `event_target_groups`
--
ALTER TABLE `event_target_groups`
  MODIFY `id` int(11) NOT NULL AUTO_INCREMENT;

--
-- AUTO_INCREMENT for table `event_types`
--
ALTER TABLE `event_types`
  MODIFY `id` int(11) NOT NULL AUTO_INCREMENT;

--
-- AUTO_INCREMENT for table `files`
--
ALTER TABLE `files`
  MODIFY `id` int(11) NOT NULL AUTO_INCREMENT;

--
-- AUTO_INCREMENT for table `holidays`
--
ALTER TABLE `holidays`
  MODIFY `id` int(11) NOT NULL AUTO_INCREMENT;

--
-- AUTO_INCREMENT for table `locations`
--
ALTER TABLE `locations`
  MODIFY `id` int(11) NOT NULL AUTO_INCREMENT;

--
-- AUTO_INCREMENT for table `permissions`
--
ALTER TABLE `permissions`
  MODIFY `id` int(11) NOT NULL AUTO_INCREMENT, AUTO_INCREMENT=39;

--
-- AUTO_INCREMENT for table `rff_points`
--
ALTER TABLE `rff_points`
  MODIFY `id` int(11) NOT NULL AUTO_INCREMENT;

--
-- AUTO_INCREMENT for table `roles`
--
ALTER TABLE `roles`
  MODIFY `id` int(11) NOT NULL AUTO_INCREMENT, AUTO_INCREMENT=4;

--
-- AUTO_INCREMENT for table `role_permissions`
--
ALTER TABLE `role_permissions`
  MODIFY `id` int(11) NOT NULL AUTO_INCREMENT, AUTO_INCREMENT=39;

--
-- AUTO_INCREMENT for table `tasks`
--
ALTER TABLE `tasks`
  MODIFY `id` int(11) NOT NULL AUTO_INCREMENT, AUTO_INCREMENT=6;

--
-- AUTO_INCREMENT for table `teams`
--
ALTER TABLE `teams`
  MODIFY `id` int(11) NOT NULL AUTO_INCREMENT;

--
-- AUTO_INCREMENT for table `territories`
--
ALTER TABLE `territories`
  MODIFY `id` int(11) NOT NULL AUTO_INCREMENT;

--
-- AUTO_INCREMENT for table `unions`
--
ALTER TABLE `unions`
  MODIFY `id` int(11) NOT NULL AUTO_INCREMENT, AUTO_INCREMENT=4320;

--
-- AUTO_INCREMENT for table `upazilas`
--
ALTER TABLE `upazilas`
  MODIFY `id` int(11) NOT NULL AUTO_INCREMENT, AUTO_INCREMENT=528;

--
-- AUTO_INCREMENT for table `users`
--
ALTER TABLE `users`
  MODIFY `id` int(11) NOT NULL AUTO_INCREMENT, AUTO_INCREMENT=4;

--
-- AUTO_INCREMENT for table `user_documents`
--
ALTER TABLE `user_documents`
  MODIFY `id` int(11) NOT NULL AUTO_INCREMENT;

--
-- AUTO_INCREMENT for table `user_holidays`
--
ALTER TABLE `user_holidays`
  MODIFY `id` int(11) NOT NULL AUTO_INCREMENT;

--
-- AUTO_INCREMENT for table `user_personal_details`
--
ALTER TABLE `user_personal_details`
  MODIFY `id` int(11) NOT NULL AUTO_INCREMENT;

--
-- AUTO_INCREMENT for table `user_roles`
--
ALTER TABLE `user_roles`
  MODIFY `id` int(11) NOT NULL AUTO_INCREMENT, AUTO_INCREMENT=4;

--
-- AUTO_INCREMENT for table `volunteers`
--
ALTER TABLE `volunteers`
  MODIFY `id` int(11) NOT NULL AUTO_INCREMENT;

--
-- AUTO_INCREMENT for table `volunteer_teams`
--
ALTER TABLE `volunteer_teams`
  MODIFY `id` int(11) NOT NULL AUTO_INCREMENT;

--
-- AUTO_INCREMENT for table `volunteer_team_members`
--
ALTER TABLE `volunteer_team_members`
  MODIFY `id` int(11) NOT NULL AUTO_INCREMENT;

--
-- AUTO_INCREMENT for table `worker_locations`
--
ALTER TABLE `worker_locations`
  MODIFY `id` int(11) NOT NULL AUTO_INCREMENT;

--
-- Constraints for dumped tables
--

--
-- Constraints for table `campaignmilestones`
--
ALTER TABLE `campaignmilestones`
  ADD CONSTRAINT `campaignmilestones_ibfk_1` FOREIGN KEY (`user_id`) REFERENCES `users` (`id`) ON DELETE SET NULL ON UPDATE CASCADE;

--
-- Constraints for table `campaignmilestonetypes`
--
ALTER TABLE `campaignmilestonetypes`
  ADD CONSTRAINT `campaignmilestonetypes_ibfk_1` FOREIGN KEY (`campaign_milestone_id`) REFERENCES `campaignmilestones` (`id`) ON DELETE CASCADE ON UPDATE CASCADE,
  ADD CONSTRAINT `campaignmilestonetypes_ibfk_2` FOREIGN KEY (`campaign_type_id`) REFERENCES `campaigntypes` (`id`) ON DELETE CASCADE ON UPDATE CASCADE;

--
-- Constraints for table `user_documents`
--
ALTER TABLE `user_documents`
  ADD CONSTRAINT `user_documents_ibfk_1` FOREIGN KEY (`verified_by`) REFERENCES `users` (`id`) ON DELETE SET NULL ON UPDATE CASCADE;
COMMIT;

/*!40101 SET CHARACTER_SET_CLIENT=@OLD_CHARACTER_SET_CLIENT */;
/*!40101 SET CHARACTER_SET_RESULTS=@OLD_CHARACTER_SET_RESULTS */;
/*!40101 SET COLLATION_CONNECTION=@OLD_COLLATION_CONNECTION */;
